review_id,review_text,sentiment
1179,"Standard chair, works as expected.",neutral
866,"Extremely frustrated with this chair, does not work as advertised.",negative
102,"This shoes exceeded my expectations, highly recommend.",positive
440,"Great quality laptop, will buy again for sure.",positive
59,"Great quality backpack, will buy again for sure.",positive
1121,"The camera arrived on time, no complaints.",neutral
324,"Amazing experience with this phone case, five stars!",positive
975,"Average lamp, nothing special but works fine.",neutral
412,"Amazing experience with this headphones, five stars!",positive
856,"Worst phone case I have ever purchased, total garbage.",negative
821,"Worst laptop I have ever purchased, total garbage.",negative
45,"This camera exceeded my expectations, highly recommend.",positive
50,"Great quality camera, will buy again for sure.",positive
850,"Terrible monitor, broke after one use.",negative
241,Really impressed with the quality of this watch.,positive
171,"Fantastic chair, exceeded all my expectations.",positive
524,"Regret buying this charger, quality is very poor.",negative
766,"Worst chair I have ever purchased, total garbage.",negative
839,"Regret buying this keyboard, quality is very poor.",negative
424,"This camera exceeded my expectations, highly recommend.",positive
381,"Super happy with this vacuum, worth every penny.",positive
610,"Regret buying this book, quality is very poor.",negative
677,"Terrible vacuum, broke after one use.",negative
345,"Fantastic headphones, exceeded all my expectations.",positive
110,"Excellent book, fast shipping and great service.",positive
278,"Amazing experience with this camera, five stars!",positive
678,"Extremely frustrated with this lamp, does not work as advertised.",negative
571,"Terrible blender, broke after one use.",negative
359,Really impressed with the quality of this jacket.,positive
599,The speaker arrived damaged and customer service was unhelpful.,negative
391,The chair works perfectly and looks fantastic.,positive
894,"Terrible backpack, broke after one use.",negative
693,"Regret buying this chair, quality is very poor.",negative
728,"Worst speaker I have ever purchased, total garbage.",negative
363,"This watch is exactly what I needed, love it.",positive
597,"Poor quality chair, would not recommend to anyone.",negative
428,"Excellent phone case, fast shipping and great service.",positive
71,"Great quality toy, will buy again for sure.",positive
322,"Amazing experience with this monitor, five stars!",positive
653,"Very disappointed with this headphones, waste of money.",negative
1066,"Standard backpack, works as expected.",neutral
108,Really impressed with the quality of this lamp.,positive
1109,Reasonable monitor for casual use.,neutral
356,"Amazing experience with this charger, five stars!",positive
951,"The camera does the job, nothing more nothing less.",neutral
343,"Fantastic monitor, exceeded all my expectations.",positive
355,The lamp works perfectly and looks fantastic.,positive
24,"Excellent blender, fast shipping and great service.",positive
44,"Excellent charger, fast shipping and great service.",positive
244,The phone case works perfectly and looks fantastic.,positive
738,"Worst headphones I have ever purchased, total garbage.",negative
1136,It's a decent lamp for the price.,neutral
368,"Fantastic phone case, exceeded all my expectations.",positive
164,"Amazing experience with this vacuum, five stars!",positive
1116,"Standard headphones, works as expected.",neutral
333,"Great quality blender, will buy again for sure.",positive
989,"The headphones is fine, meets basic expectations.",neutral
1173,"The toy is fine, meets basic expectations.",neutral
1002,"It's an okay keyboard, would consider alternatives next time.",neutral
378,"This monitor is exactly what I needed, love it.",positive
310,"I absolutely love this lamp, best purchase ever!",positive
156,"Super happy with this keyboard, worth every penny.",positive
211,"Amazing experience with this speaker, five stars!",positive
87,"Fantastic book, exceeded all my expectations.",positive
169,"This watch is exactly what I needed, love it.",positive
995,"It's an okay lamp, would consider alternatives next time.",neutral
52,The vacuum works perfectly and looks fantastic.,positive
439,"This backpack exceeded my expectations, highly recommend.",positive
550,"Not worth the price, phone case feels cheaply made.",negative
491,"Excellent camera, fast shipping and great service.",positive
426,"Fantastic watch, exceeded all my expectations.",positive
136,"Great quality book, will buy again for sure.",positive
1192,"The toy does the job, nothing more nothing less.",neutral
55,"Amazing experience with this monitor, five stars!",positive
79,"I absolutely love this book, best purchase ever!",positive
431,"Amazing experience with this laptop, five stars!",positive
185,"Great quality charger, will buy again for sure.",positive
57,"This book exceeded my expectations, highly recommend.",positive
943,Reasonable backpack for casual use.,neutral
851,"Terrible tablet, broke after one use.",negative
1164,It's a decent mouse for the price.,neutral
219,The blender works perfectly and looks fantastic.,positive
845,"The headphones stopped working within a week, awful.",negative
114,"This tablet is exactly what I needed, love it.",positive
549,"This jacket was a complete letdown, returning it.",negative
1019,It's a decent charger for the price.,neutral
1073,"The lamp is fine, meets basic expectations.",neutral
175,"This blender exceeded my expectations, highly recommend.",positive
1023,"The blender is okay, does what it says.",neutral
616,"Extremely frustrated with this monitor, does not work as advertised.",negative
514,"The mouse stopped working within a week, awful.",negative
462,"Super happy with this tablet, worth every penny.",positive
287,"Excellent shoes, fast shipping and great service.",positive
382,"This monitor is exactly what I needed, love it.",positive
1008,"The speaker does the job, nothing more nothing less.",neutral
671,"Worst camera I have ever purchased, total garbage.",negative
535,"Terrible speaker, broke after one use.",negative
910,"Standard blender, works as expected.",neutral
293,"Excellent keyboard, fast shipping and great service.",positive
124,"Fantastic jacket, exceeded all my expectations.",positive
583,"Very disappointed with this charger, waste of money.",negative
141,"I absolutely love this laptop, best purchase ever!",positive
736,The laptop arrived damaged and customer service was unhelpful.,negative
82,"Amazing experience with this laptop, five stars!",positive
882,"Extremely frustrated with this headphones, does not work as advertised.",negative
740,The lamp arrived damaged and customer service was unhelpful.,negative
1102,"The chair does the job, nothing more nothing less.",neutral
909,"The charger is fine, meets basic expectations.",neutral
1167,"It's an okay lamp, would consider alternatives next time.",neutral
937,"Not bad, not great, just an average monitor.",neutral
372,"This shoes is exactly what I needed, love it.",positive
890,"Worst phone case I have ever purchased, total garbage.",negative
157,The shoes works perfectly and looks fantastic.,positive
992,"It's an okay speaker, would consider alternatives next time.",neutral
622,"Terrible phone case, broke after one use.",negative
1038,"The speaker does the job, nothing more nothing less.",neutral
245,"Amazing experience with this speaker, five stars!",positive
159,"This speaker is exactly what I needed, love it.",positive
746,The headphones arrived damaged and customer service was unhelpful.,negative
193,"Great quality vacuum, will buy again for sure.",positive
534,"The jacket stopped working within a week, awful.",negative
904,"Not bad, not great, just an average toy.",neutral
1004,"The phone case does the job, nothing more nothing less.",neutral
1070,"Standard lamp, works as expected.",neutral
414,Really impressed with the quality of this tablet.,positive
1187,"The blender is okay, does what it says.",neutral
328,"This book exceeded my expectations, highly recommend.",positive
129,"This book is exactly what I needed, love it.",positive
695,"This chair was a complete letdown, returning it.",negative
631,"The backpack stopped working within a week, awful.",negative
275,"Fantastic tablet, exceeded all my expectations.",positive
1148,Reasonable backpack for casual use.,neutral
309,Really impressed with the quality of this mouse.,positive
234,"This charger exceeded my expectations, highly recommend.",positive
1048,Reasonable monitor for casual use.,neutral
623,"Poor quality charger, would not recommend to anyone.",negative
644,"Very disappointed with this lamp, waste of money.",negative
479,"Great quality vacuum, will buy again for sure.",positive
472,"Fantastic phone case, exceeded all my expectations.",positive
926,"The monitor does the job, nothing more nothing less.",neutral
1098,"The charger arrived on time, no complaints.",neutral
627,"Poor quality lamp, would not recommend to anyone.",negative
395,"I absolutely love this speaker, best purchase ever!",positive
637,"Terrible charger, broke after one use.",negative
768,"Very disappointed with this jacket, waste of money.",negative
533,"Very disappointed with this blender, waste of money.",negative
718,"Worst blender I have ever purchased, total garbage.",negative
667,"Not worth the price, charger feels cheaply made.",negative
598,"Not worth the price, headphones feels cheaply made.",negative
482,Really impressed with the quality of this phone case.,positive
1103,It's a decent keyboard for the price.,neutral
315,"Amazing experience with this charger, five stars!",positive
729,"Terrible blender, broke after one use.",negative
210,"Super happy with this jacket, worth every penny.",positive
934,"The jacket is okay, does what it says.",neutral
434,The shoes works perfectly and looks fantastic.,positive
329,"Amazing experience with this lamp, five stars!",positive
261,"Amazing experience with this lamp, five stars!",positive
1117,"The jacket is fine, meets basic expectations.",neutral
307,Really impressed with the quality of this backpack.,positive
1067,"Standard chair, works as expected.",neutral
928,"Not bad, not great, just an average chair.",neutral
1025,"Not bad, not great, just an average chair.",neutral
271,"Fantastic jacket, exceeded all my expectations.",positive
291,"This vacuum is exactly what I needed, love it.",positive
813,"This monitor was a complete letdown, returning it.",negative
97,"I absolutely love this charger, best purchase ever!",positive
888,The laptop arrived damaged and customer service was unhelpful.,negative
819,"Extremely frustrated with this blender, does not work as advertised.",negative
32,The mouse works perfectly and looks fantastic.,positive
763,"Not worth the price, book feels cheaply made.",negative
954,"Average keyboard, nothing special but works fine.",neutral
320,"I absolutely love this book, best purchase ever!",positive
299,"Fantastic tablet, exceeded all my expectations.",positive
200,Really impressed with the quality of this tablet.,positive
561,"This lamp was a complete letdown, returning it.",negative
179,"Amazing experience with this charger, five stars!",positive
1132,"The book does the job, nothing more nothing less.",neutral
89,Really impressed with the quality of this toy.,positive
788,"Extremely frustrated with this headphones, does not work as advertised.",negative
725,"Poor quality phone case, would not recommend to anyone.",negative
827,The laptop arrived damaged and customer service was unhelpful.,negative
209,"Amazing experience with this shoes, five stars!",positive
1040,Reasonable speaker for casual use.,neutral
297,"Super happy with this phone case, worth every penny.",positive
998,"It's an okay charger, would consider alternatives next time.",neutral
498,"Excellent camera, fast shipping and great service.",positive
835,"Not worth the price, jacket feels cheaply made.",negative
430,The book works perfectly and looks fantastic.,positive
507,The vacuum arrived damaged and customer service was unhelpful.,negative
831,"Extremely frustrated with this shoes, does not work as advertised.",negative
694,"Terrible vacuum, broke after one use.",negative
11,"Fantastic keyboard, exceeded all my expectations.",positive
848,"Very disappointed with this tablet, waste of money.",negative
463,"This charger exceeded my expectations, highly recommend.",positive
199,"Fantastic monitor, exceeded all my expectations.",positive
60,Really impressed with the quality of this tablet.,positive
907,"The keyboard is fine, meets basic expectations.",neutral
997,"It's an okay chair, would consider alternatives next time.",neutral
276,"Great quality jacket, will buy again for sure.",positive
809,"The charger stopped working within a week, awful.",negative
908,"The monitor is okay, does what it says.",neutral
658,"Worst vacuum I have ever purchased, total garbage.",negative
957,"Average jacket, nothing special but works fine.",neutral
886,"Terrible vacuum, broke after one use.",negative
221,"I absolutely love this camera, best purchase ever!",positive
789,"Terrible watch, broke after one use.",negative
712,"Very disappointed with this laptop, waste of money.",negative
714,"Not worth the price, tablet feels cheaply made.",negative
1113,"Standard mouse, works as expected.",neutral
1191,"Standard watch, works as expected.",neutral
790,"Not worth the price, shoes feels cheaply made.",negative
416,"Fantastic shoes, exceeded all my expectations.",positive
899,"Not worth the price, headphones feels cheaply made.",negative
935,"Average backpack, nothing special but works fine.",neutral
266,"Great quality shoes, will buy again for sure.",positive
632,"This vacuum was a complete letdown, returning it.",negative
248,"This jacket is exactly what I needed, love it.",positive
683,"This chair was a complete letdown, returning it.",negative
559,The shoes arrived damaged and customer service was unhelpful.,negative
1137,"The vacuum is okay, does what it says.",neutral
968,"Standard lamp, works as expected.",neutral
1005,"The vacuum is fine, meets basic expectations.",neutral
985,"The speaker arrived on time, no complaints.",neutral
295,Really impressed with the quality of this phone case.,positive
520,"Terrible jacket, broke after one use.",negative
771,"Terrible lamp, broke after one use.",negative
84,"This headphones is exactly what I needed, love it.",positive
232,"This tablet exceeded my expectations, highly recommend.",positive
621,"Regret buying this keyboard, quality is very poor.",negative
334,"This speaker exceeded my expectations, highly recommend.",positive
130,"Excellent keyboard, fast shipping and great service.",positive
1012,It's a decent jacket for the price.,neutral
645,"Extremely frustrated with this jacket, does not work as advertised.",negative
974,"Not bad, not great, just an average tablet.",neutral
383,The camera works perfectly and looks fantastic.,positive
868,"Poor quality speaker, would not recommend to anyone.",negative
543,"Very disappointed with this watch, waste of money.",negative
1194,"The lamp does the job, nothing more nothing less.",neutral
875,"Extremely frustrated with this phone case, does not work as advertised.",negative
332,Really impressed with the quality of this chair.,positive
410,"Great quality backpack, will buy again for sure.",positive
77,"I absolutely love this toy, best purchase ever!",positive
869,"Very disappointed with this speaker, waste of money.",negative
139,"Fantastic lamp, exceeded all my expectations.",positive
544,The chair arrived damaged and customer service was unhelpful.,negative
674,"Very disappointed with this headphones, waste of money.",negative
921,"Average blender, nothing special but works fine.",neutral
64,"Fantastic camera, exceeded all my expectations.",positive
142,"This lamp is exactly what I needed, love it.",positive
717,"Extremely frustrated with this keyboard, does not work as advertised.",negative
377,Really impressed with the quality of this speaker.,positive
364,"Super happy with this keyboard, worth every penny.",positive
140,"Super happy with this laptop, worth every penny.",positive
885,"Extremely frustrated with this toy, does not work as advertised.",negative
1042,"The tablet arrived on time, no complaints.",neutral
225,"Fantastic chair, exceeded all my expectations.",positive
515,"Terrible book, broke after one use.",negative
267,"This toy is exactly what I needed, love it.",positive
1170,"Average laptop, nothing special but works fine.",neutral
487,"This shoes exceeded my expectations, highly recommend.",positive
353,"This vacuum is exactly what I needed, love it.",positive
1006,"The speaker does the job, nothing more nothing less.",neutral
618,"This mouse was a complete letdown, returning it.",negative
668,The mouse arrived damaged and customer service was unhelpful.,negative
775,"Terrible laptop, broke after one use.",negative
554,"This lamp was a complete letdown, returning it.",negative
576,The charger arrived damaged and customer service was unhelpful.,negative
915,Reasonable monitor for casual use.,neutral
466,"Excellent speaker, fast shipping and great service.",positive
591,"This monitor was a complete letdown, returning it.",negative
765,"Regret buying this jacket, quality is very poor.",negative
635,"Worst phone case I have ever purchased, total garbage.",negative
838,"The tablet stopped working within a week, awful.",negative
290,"Super happy with this tablet, worth every penny.",positive
40,The mouse works perfectly and looks fantastic.,positive
31,"This shoes exceeded my expectations, highly recommend.",positive
243,"Fantastic mouse, exceeded all my expectations.",positive
429,Really impressed with the quality of this jacket.,positive
137,The keyboard works perfectly and looks fantastic.,positive
1101,"The monitor is fine, meets basic expectations.",neutral
865,"Extremely frustrated with this backpack, does not work as advertised.",negative
4,"Fantastic blender, exceeded all my expectations.",positive
833,"Poor quality book, would not recommend to anyone.",negative
603,"Very disappointed with this blender, waste of money.",negative
1034,"The toy does the job, nothing more nothing less.",neutral
655,"Very disappointed with this backpack, waste of money.",negative
844,"This blender was a complete letdown, returning it.",negative
784,"Not worth the price, chair feels cheaply made.",negative
1074,"The book is okay, does what it says.",neutral
443,"This jacket exceeded my expectations, highly recommend.",positive
1178,"The backpack does the job, nothing more nothing less.",neutral
436,"This tablet exceeded my expectations, highly recommend.",positive
1169,It's a decent monitor for the price.,neutral
101,"I absolutely love this headphones, best purchase ever!",positive
773,"This headphones was a complete letdown, returning it.",negative
495,"Amazing experience with this mouse, five stars!",positive
1028,It's a decent charger for the price.,neutral
807,"This headphones was a complete letdown, returning it.",negative
1142,"The laptop is okay, does what it says.",neutral
846,"Not worth the price, camera feels cheaply made.",negative
987,"Standard shoes, works as expected.",neutral
228,"I absolutely love this camera, best purchase ever!",positive
1193,It's a decent blender for the price.,neutral
672,"Not worth the price, backpack feels cheaply made.",negative
859,"This laptop was a complete letdown, returning it.",negative
925,"The watch does the job, nothing more nothing less.",neutral
67,"This charger exceeded my expectations, highly recommend.",positive
68,"Excellent speaker, fast shipping and great service.",positive
817,"The backpack stopped working within a week, awful.",negative
212,"I absolutely love this shoes, best purchase ever!",positive
13,Really impressed with the quality of this jacket.,positive
494,"Great quality vacuum, will buy again for sure.",positive
1165,"The jacket is fine, meets basic expectations.",neutral
300,Really impressed with the quality of this vacuum.,positive
411,The lamp works perfectly and looks fantastic.,positive
757,"The monitor stopped working within a week, awful.",negative
1075,"Standard monitor, works as expected.",neutral
696,"The phone case stopped working within a week, awful.",negative
1151,"The charger arrived on time, no complaints.",neutral
724,"Terrible chair, broke after one use.",negative
1016,"The mouse arrived on time, no complaints.",neutral
528,"Extremely frustrated with this book, does not work as advertised.",negative
600,"The blender stopped working within a week, awful.",negative
1120,Reasonable camera for casual use.,neutral
567,"Regret buying this shoes, quality is very poor.",negative
731,"The watch stopped working within a week, awful.",negative
274,"Fantastic chair, exceeded all my expectations.",positive
967,Reasonable monitor for casual use.,neutral
238,"Fantastic speaker, exceeded all my expectations.",positive
406,"This book exceeded my expectations, highly recommend.",positive
3,"Great quality shoes, will buy again for sure.",positive
7,"This phone case exceeded my expectations, highly recommend.",positive
312,"This backpack is exactly what I needed, love it.",positive
1091,"Not bad, not great, just an average keyboard.",neutral
452,"Amazing experience with this headphones, five stars!",positive
722,"Terrible speaker, broke after one use.",negative
216,"Fantastic monitor, exceeded all my expectations.",positive
1086,"It's an okay laptop, would consider alternatives next time.",neutral
28,"This keyboard exceeded my expectations, highly recommend.",positive
1158,"Standard toy, works as expected.",neutral
362,"Super happy with this book, worth every penny.",positive
823,The chair arrived damaged and customer service was unhelpful.,negative
781,"Terrible vacuum, broke after one use.",negative
629,"Regret buying this backpack, quality is very poor.",negative
454,The phone case works perfectly and looks fantastic.,positive
739,The lamp arrived damaged and customer service was unhelpful.,negative
536,"Worst laptop I have ever purchased, total garbage.",negative
1050,Reasonable mouse for casual use.,neutral
399,"Great quality speaker, will buy again for sure.",positive
257,"I absolutely love this phone case, best purchase ever!",positive
292,"I absolutely love this tablet, best purchase ever!",positive
26,Really impressed with the quality of this speaker.,positive
337,"Excellent mouse, fast shipping and great service.",positive
585,"Poor quality backpack, would not recommend to anyone.",negative
48,"Excellent book, fast shipping and great service.",positive
319,"This camera exceeded my expectations, highly recommend.",positive
107,"Great quality vacuum, will buy again for sure.",positive
799,"Extremely frustrated with this blender, does not work as advertised.",negative
56,"Fantastic backpack, exceeded all my expectations.",positive
523,"This book was a complete letdown, returning it.",negative
214,The charger works perfectly and looks fantastic.,positive
121,"Great quality tablet, will buy again for sure.",positive
918,"It's an okay tablet, would consider alternatives next time.",neutral
1068,"Not bad, not great, just an average watch.",neutral
1118,It's a decent book for the price.,neutral
73,"Fantastic speaker, exceeded all my expectations.",positive
948,Reasonable book for casual use.,neutral
747,"Poor quality blender, would not recommend to anyone.",negative
716,"This tablet was a complete letdown, returning it.",negative
558,"Very disappointed with this book, waste of money.",negative
1082,"The lamp does the job, nothing more nothing less.",neutral
1046,"It's an okay laptop, would consider alternatives next time.",neutral
553,"Worst jacket I have ever purchased, total garbage.",negative
562,"Terrible speaker, broke after one use.",negative
425,"Amazing experience with this watch, five stars!",positive
1014,"Standard backpack, works as expected.",neutral
326,"Great quality chair, will buy again for sure.",positive
924,"Not bad, not great, just an average chair.",neutral
317,"Excellent charger, fast shipping and great service.",positive
804,"Worst backpack I have ever purchased, total garbage.",negative
1163,"The phone case is fine, meets basic expectations.",neutral
529,"Regret buying this laptop, quality is very poor.",negative
837,"Extremely frustrated with this toy, does not work as advertised.",negative
715,"Not worth the price, chair feels cheaply made.",negative
901,"The keyboard is okay, does what it says.",neutral
61,"Excellent headphones, fast shipping and great service.",positive
723,The shoes arrived damaged and customer service was unhelpful.,negative
93,"This monitor is exactly what I needed, love it.",positive
858,"The backpack stopped working within a week, awful.",negative
619,"Very disappointed with this keyboard, waste of money.",negative
352,Really impressed with the quality of this camera.,positive
933,"It's an okay backpack, would consider alternatives next time.",neutral
281,"This camera is exactly what I needed, love it.",positive
421,"I absolutely love this chair, best purchase ever!",positive
1115,"The laptop is fine, meets basic expectations.",neutral
360,"Excellent chair, fast shipping and great service.",positive
423,"Amazing experience with this keyboard, five stars!",positive
679,"Worst vacuum I have ever purchased, total garbage.",negative
527,"Worst mouse I have ever purchased, total garbage.",negative
478,The keyboard works perfectly and looks fantastic.,positive
1095,Reasonable keyboard for casual use.,neutral
183,The tablet works perfectly and looks fantastic.,positive
1092,"It's an okay toy, would consider alternatives next time.",neutral
433,"This jacket exceeded my expectations, highly recommend.",positive
111,"This keyboard exceeded my expectations, highly recommend.",positive
371,"Fantastic book, exceeded all my expectations.",positive
240,"Excellent tablet, fast shipping and great service.",positive
709,"Very disappointed with this chair, waste of money.",negative
630,"This phone case was a complete letdown, returning it.",negative
594,"Not worth the price, shoes feels cheaply made.",negative
486,"This tablet exceeded my expectations, highly recommend.",positive
701,"Very disappointed with this mouse, waste of money.",negative
262,"This mouse is exactly what I needed, love it.",positive
480,"This speaker is exactly what I needed, love it.",positive
650,The book arrived damaged and customer service was unhelpful.,negative
340,The blender works perfectly and looks fantastic.,positive
669,"Worst blender I have ever purchased, total garbage.",negative
552,"Very disappointed with this watch, waste of money.",negative
459,"Excellent lamp, fast shipping and great service.",positive
184,"I absolutely love this laptop, best purchase ever!",positive
138,"I absolutely love this keyboard, best purchase ever!",positive
1161,"The backpack does the job, nothing more nothing less.",neutral
707,"This monitor was a complete letdown, returning it.",negative
582,"This book was a complete letdown, returning it.",negative
81,"Amazing experience with this speaker, five stars!",positive
769,"Not worth the price, book feels cheaply made.",negative
870,"Poor quality laptop, would not recommend to anyone.",negative
762,"The headphones stopped working within a week, awful.",negative
30,"This speaker exceeded my expectations, highly recommend.",positive
542,"The watch stopped working within a week, awful.",negative
166,"Super happy with this backpack, worth every penny.",positive
249,"Amazing experience with this jacket, five stars!",positive
308,"I absolutely love this vacuum, best purchase ever!",positive
448,Really impressed with the quality of this headphones.,positive
347,"This tablet is exactly what I needed, love it.",positive
335,"I absolutely love this lamp, best purchase ever!",positive
286,"Great quality backpack, will buy again for sure.",positive
950,"The blender is fine, meets basic expectations.",neutral
98,"Fantastic lamp, exceeded all my expectations.",positive
468,"This jacket exceeded my expectations, highly recommend.",positive
1037,"The laptop is okay, does what it says.",neutral
913,"The charger arrived on time, no complaints.",neutral
756,"Worst keyboard I have ever purchased, total garbage.",negative
945,"The charger is fine, meets basic expectations.",neutral
614,"Poor quality jacket, would not recommend to anyone.",negative
802,"Worst backpack I have ever purchased, total garbage.",negative
758,"Very disappointed with this shoes, waste of money.",negative
689,"Worst vacuum I have ever purchased, total garbage.",negative
66,The vacuum works perfectly and looks fantastic.,positive
794,"This monitor was a complete letdown, returning it.",negative
744,"Regret buying this watch, quality is very poor.",negative
568,"Poor quality monitor, would not recommend to anyone.",negative
1084,"Not bad, not great, just an average chair.",neutral
1099,Reasonable jacket for casual use.,neutral
303,"This tablet is exactly what I needed, love it.",positive
255,"Amazing experience with this speaker, five stars!",positive
959,Reasonable headphones for casual use.,neutral
1024,"Not bad, not great, just an average speaker.",neutral
313,"I absolutely love this watch, best purchase ever!",positive
530,"Poor quality headphones, would not recommend to anyone.",negative
222,Really impressed with the quality of this blender.,positive
389,The book works perfectly and looks fantastic.,positive
236,"Excellent speaker, fast shipping and great service.",positive
810,"Very disappointed with this toy, waste of money.",negative
483,"Great quality shoes, will buy again for sure.",positive
713,"Not worth the price, camera feels cheaply made.",negative
306,"This watch is exactly what I needed, love it.",positive
1111,"It's an okay blender, would consider alternatives next time.",neutral
1090,"Not bad, not great, just an average backpack.",neutral
772,"Extremely frustrated with this monitor, does not work as advertised.",negative
917,"Average tablet, nothing special but works fine.",neutral
1139,"The watch is okay, does what it says.",neutral
250,"This toy is exactly what I needed, love it.",positive
760,"The keyboard stopped working within a week, awful.",negative
595,"Regret buying this phone case, quality is very poor.",negative
72,"This toy exceeded my expectations, highly recommend.",positive
95,"Amazing experience with this blender, five stars!",positive
546,"Regret buying this book, quality is very poor.",negative
34,"Super happy with this watch, worth every penny.",positive
862,"Terrible chair, broke after one use.",negative
579,"Extremely frustrated with this monitor, does not work as advertised.",negative
449,"Excellent laptop, fast shipping and great service.",positive
446,"Fantastic toy, exceeded all my expectations.",positive
260,"Excellent jacket, fast shipping and great service.",positive
205,"Amazing experience with this tablet, five stars!",positive
573,"Regret buying this laptop, quality is very poor.",negative
824,"The backpack stopped working within a week, awful.",negative
586,"Extremely frustrated with this mouse, does not work as advertised.",negative
366,Really impressed with the quality of this camera.,positive
812,"Terrible monitor, broke after one use.",negative
78,"Super happy with this chair, worth every penny.",positive
85,"Fantastic headphones, exceeded all my expectations.",positive
539,"The tablet stopped working within a week, awful.",negative
83,"This lamp exceeded my expectations, highly recommend.",positive
458,"Great quality camera, will buy again for sure.",positive
1138,"Not bad, not great, just an average watch.",neutral
615,"Very disappointed with this monitor, waste of money.",negative
1186,"It's an okay headphones, would consider alternatives next time.",neutral
1076,"Not bad, not great, just an average blender.",neutral
737,"Not worth the price, phone case feels cheaply made.",negative
437,"Amazing experience with this vacuum, five stars!",positive
555,"This tablet was a complete letdown, returning it.",negative
1080,"It's an okay lamp, would consider alternatives next time.",neutral
1062,"Standard backpack, works as expected.",neutral
351,"Fantastic watch, exceeded all my expectations.",positive
197,"Amazing experience with this monitor, five stars!",positive
465,"This tablet is exactly what I needed, love it.",positive
589,"Extremely frustrated with this camera, does not work as advertised.",negative
6,"I absolutely love this tablet, best purchase ever!",positive
311,"Excellent headphones, fast shipping and great service.",positive
662,The chair arrived damaged and customer service was unhelpful.,negative
405,The laptop works perfectly and looks fantastic.,positive
1196,"The jacket is okay, does what it says.",neutral
1044,"Standard mouse, works as expected.",neutral
1058,"It's an okay keyboard, would consider alternatives next time.",neutral
105,The shoes works perfectly and looks fantastic.,positive
537,"This laptop was a complete letdown, returning it.",negative
606,"Worst jacket I have ever purchased, total garbage.",negative
63,"Fantastic jacket, exceeded all my expectations.",positive
282,The headphones works perfectly and looks fantastic.,positive
1056,Reasonable charger for casual use.,neutral
239,"Amazing experience with this backpack, five stars!",positive
224,"Excellent charger, fast shipping and great service.",positive
146,"This watch exceeded my expectations, highly recommend.",positive
1119,Reasonable keyboard for casual use.,neutral
374,"This phone case exceeded my expectations, highly recommend.",positive
119,"Fantastic keyboard, exceeded all my expectations.",positive
803,"Regret buying this headphones, quality is very poor.",negative
251,"This watch exceeded my expectations, highly recommend.",positive
1157,"Not bad, not great, just an average mouse.",neutral
10,"Fantastic phone case, exceeded all my expectations.",positive
450,Really impressed with the quality of this charger.,positive
874,"Extremely frustrated with this chair, does not work as advertised.",negative
390,"Fantastic lamp, exceeded all my expectations.",positive
966,"The book is okay, does what it says.",neutral
461,"Super happy with this book, worth every penny.",positive
1147,"The toy does the job, nothing more nothing less.",neutral
145,"This toy exceeded my expectations, highly recommend.",positive
502,"Regret buying this lamp, quality is very poor.",negative
1108,"The charger does the job, nothing more nothing less.",neutral
540,"Extremely frustrated with this shoes, does not work as advertised.",negative
178,"Amazing experience with this chair, five stars!",positive
1159,"Not bad, not great, just an average headphones.",neutral
1051,Reasonable jacket for casual use.,neutral
584,"Very disappointed with this jacket, waste of money.",negative
1195,Reasonable headphones for casual use.,neutral
8,"Amazing experience with this keyboard, five stars!",positive
574,"The monitor stopped working within a week, awful.",negative
843,"Extremely frustrated with this blender, does not work as advertised.",negative
358,"Amazing experience with this jacket, five stars!",positive
330,The jacket works perfectly and looks fantastic.,positive
705,"Not worth the price, tablet feels cheaply made.",negative
830,"Not worth the price, speaker feels cheaply made.",negative
259,"This chair exceeded my expectations, highly recommend.",positive
891,"Worst headphones I have ever purchased, total garbage.",negative
834,"Regret buying this monitor, quality is very poor.",negative
1188,Reasonable vacuum for casual use.,neutral
905,"The vacuum does the job, nothing more nothing less.",neutral
526,"Extremely frustrated with this charger, does not work as advertised.",negative
814,"Poor quality watch, would not recommend to anyone.",negative
732,"Extremely frustrated with this mouse, does not work as advertised.",negative
1032,"The book is okay, does what it says.",neutral
1141,"The watch is fine, meets basic expectations.",neutral
441,Really impressed with the quality of this speaker.,positive
532,The headphones arrived damaged and customer service was unhelpful.,negative
960,"The vacuum is fine, meets basic expectations.",neutral
229,"I absolutely love this tablet, best purchase ever!",positive
1041,"Average phone case, nothing special but works fine.",neutral
213,"Excellent keyboard, fast shipping and great service.",positive
80,"Super happy with this blender, worth every penny.",positive
149,Really impressed with the quality of this blender.,positive
592,The lamp arrived damaged and customer service was unhelpful.,negative
708,"Regret buying this charger, quality is very poor.",negative
590,"Not worth the price, blender feels cheaply made.",negative
134,The jacket works perfectly and looks fantastic.,positive
782,"Regret buying this jacket, quality is very poor.",negative
409,"I absolutely love this lamp, best purchase ever!",positive
970,"It's an okay backpack, would consider alternatives next time.",neutral
508,"Worst jacket I have ever purchased, total garbage.",negative
877,"This backpack was a complete letdown, returning it.",negative
505,"Worst book I have ever purchased, total garbage.",negative
719,"Very disappointed with this tablet, waste of money.",negative
348,"Excellent blender, fast shipping and great service.",positive
387,"Great quality vacuum, will buy again for sure.",positive
1,"I absolutely love this blender, best purchase ever!",positive
361,"I absolutely love this charger, best purchase ever!",positive
1134,"The charger is fine, meets basic expectations.",neutral
476,"This chair is exactly what I needed, love it.",positive
778,"Regret buying this chair, quality is very poor.",negative
754,"Very disappointed with this toy, waste of money.",negative
173,"This speaker exceeded my expectations, highly recommend.",positive
451,"I absolutely love this camera, best purchase ever!",positive
126,"I absolutely love this vacuum, best purchase ever!",positive
931,Reasonable monitor for casual use.,neutral
531,"Poor quality speaker, would not recommend to anyone.",negative
91,"Amazing experience with this vacuum, five stars!",positive
1162,It's a decent charger for the price.,neutral
182,"This laptop exceeded my expectations, highly recommend.",positive
1027,"It's an okay charger, would consider alternatives next time.",neutral
1000,"The headphones is okay, does what it says.",neutral
252,"Fantastic speaker, exceeded all my expectations.",positive
70,The phone case works perfectly and looks fantastic.,positive
132,"I absolutely love this mouse, best purchase ever!",positive
301,"This shoes is exactly what I needed, love it.",positive
1133,"The keyboard is fine, meets basic expectations.",neutral
327,"Great quality shoes, will buy again for sure.",positive
1020,"Average jacket, nothing special but works fine.",neutral
500,"I absolutely love this camera, best purchase ever!",positive
666,The shoes arrived damaged and customer service was unhelpful.,negative
919,Reasonable watch for casual use.,neutral
496,"Fantastic chair, exceeded all my expectations.",positive
339,"Amazing experience with this lamp, five stars!",positive
964,It's a decent blender for the price.,neutral
165,The toy works perfectly and looks fantastic.,positive
29,"Amazing experience with this laptop, five stars!",positive
517,"Worst lamp I have ever purchased, total garbage.",negative
194,"Great quality tablet, will buy again for sure.",positive
1104,Reasonable camera for casual use.,neutral
170,The vacuum works perfectly and looks fantastic.,positive
1059,"Not bad, not great, just an average toy.",neutral
174,The backpack works perfectly and looks fantastic.,positive
519,"Extremely frustrated with this blender, does not work as advertised.",negative
969,Reasonable jacket for casual use.,neutral
702,"Terrible backpack, broke after one use.",negative
492,"This book is exactly what I needed, love it.",positive
74,"Amazing experience with this chair, five stars!",positive
981,"The watch arrived on time, no complaints.",neutral
588,"Terrible mouse, broke after one use.",negative
235,"Fantastic speaker, exceeded all my expectations.",positive
215,The headphones works perfectly and looks fantastic.,positive
947,"The phone case arrived on time, no complaints.",neutral
133,The mouse works perfectly and looks fantastic.,positive
1156,"It's an okay watch, would consider alternatives next time.",neutral
733,"Extremely frustrated with this shoes, does not work as advertised.",negative
941,"The monitor does the job, nothing more nothing less.",neutral
186,"Great quality camera, will buy again for sure.",positive
42,"I absolutely love this charger, best purchase ever!",positive
109,"Amazing experience with this book, five stars!",positive
849,"Not worth the price, shoes feels cheaply made.",negative
569,"Regret buying this keyboard, quality is very poor.",negative
651,"Very disappointed with this tablet, waste of money.",negative
1001,"The lamp is fine, meets basic expectations.",neutral
1166,"The charger is fine, meets basic expectations.",neutral
484,"Fantastic speaker, exceeded all my expectations.",positive
469,The charger works perfectly and looks fantastic.,positive
25,"Fantastic headphones, exceeded all my expectations.",positive
661,"Extremely frustrated with this jacket, does not work as advertised.",negative
680,The blender arrived damaged and customer service was unhelpful.,negative
753,"Very disappointed with this watch, waste of money.",negative
994,"The toy arrived on time, no complaints.",neutral
367,"Fantastic camera, exceeded all my expectations.",positive
840,"This backpack was a complete letdown, returning it.",negative
1053,"Average chair, nothing special but works fine.",neutral
384,"Amazing experience with this camera, five stars!",positive
455,"I absolutely love this lamp, best purchase ever!",positive
265,"Excellent blender, fast shipping and great service.",positive
761,"The chair stopped working within a week, awful.",negative
980,"It's an okay vacuum, would consider alternatives next time.",neutral
445,The mouse works perfectly and looks fantastic.,positive
396,"Great quality vacuum, will buy again for sure.",positive
742,The blender arrived damaged and customer service was unhelpful.,negative
177,The camera works perfectly and looks fantastic.,positive
19,"Excellent headphones, fast shipping and great service.",positive
949,Reasonable mouse for casual use.,neutral
815,"Not worth the price, charger feels cheaply made.",negative
596,"Worst vacuum I have ever purchased, total garbage.",negative
62,Really impressed with the quality of this mouse.,positive
273,"This charger is exactly what I needed, love it.",positive
1126,"The shoes is okay, does what it says.",neutral
279,"Fantastic camera, exceeded all my expectations.",positive
842,"Extremely frustrated with this monitor, does not work as advertised.",negative
369,"This keyboard exceeded my expectations, highly recommend.",positive
887,"Not worth the price, mouse feels cheaply made.",negative
1015,"Standard charger, works as expected.",neutral
860,"The book stopped working within a week, awful.",negative
721,"Extremely frustrated with this book, does not work as advertised.",negative
826,"Not worth the price, watch feels cheaply made.",negative
548,"This jacket was a complete letdown, returning it.",negative
880,"Regret buying this shoes, quality is very poor.",negative
900,"This laptop was a complete letdown, returning it.",negative
457,"This toy is exactly what I needed, love it.",positive
394,"Great quality monitor, will buy again for sure.",positive
676,"The monitor stopped working within a week, awful.",negative
912,"Not bad, not great, just an average jacket.",neutral
965,It's a decent backpack for the price.,neutral
376,"Amazing experience with this mouse, five stars!",positive
413,"Fantastic blender, exceeded all my expectations.",positive
75,"Super happy with this backpack, worth every penny.",positive
1122,"It's an okay blender, would consider alternatives next time.",neutral
863,"Terrible headphones, broke after one use.",negative
501,"This speaker was a complete letdown, returning it.",negative
942,"It's an okay headphones, would consider alternatives next time.",neutral
617,"Terrible monitor, broke after one use.",negative
115,"This laptop exceeded my expectations, highly recommend.",positive
418,The jacket works perfectly and looks fantastic.,positive
602,"Not worth the price, speaker feels cheaply made.",negative
605,The backpack arrived damaged and customer service was unhelpful.,negative
90,"Amazing experience with this tablet, five stars!",positive
1149,"The jacket is fine, meets basic expectations.",neutral
499,"Fantastic charger, exceeded all my expectations.",positive
876,"Poor quality lamp, would not recommend to anyone.",negative
927,"Standard laptop, works as expected.",neutral
999,"The laptop is okay, does what it says.",neutral
12,"Amazing experience with this tablet, five stars!",positive
397,"I absolutely love this camera, best purchase ever!",positive
755,"Extremely frustrated with this toy, does not work as advertised.",negative
556,"This jacket was a complete letdown, returning it.",negative
43,"I absolutely love this shoes, best purchase ever!",positive
168,The monitor works perfectly and looks fantastic.,positive
417,"This mouse is exactly what I needed, love it.",positive
577,"Poor quality watch, would not recommend to anyone.",negative
268,"Fantastic laptop, exceeded all my expectations.",positive
808,The vacuum arrived damaged and customer service was unhelpful.,negative
427,"Great quality headphones, will buy again for sure.",positive
691,"Poor quality lamp, would not recommend to anyone.",negative
545,"Poor quality chair, would not recommend to anyone.",negative
1123,It's a decent lamp for the price.,neutral
675,"Very disappointed with this tablet, waste of money.",negative
690,"This blender was a complete letdown, returning it.",negative
1055,"Standard mouse, works as expected.",neutral
1177,"The backpack does the job, nothing more nothing less.",neutral
1033,"Not bad, not great, just an average headphones.",neutral
1035,It's a decent shoes for the price.,neutral
258,"This shoes is exactly what I needed, love it.",positive
336,Really impressed with the quality of this speaker.,positive
16,The charger works perfectly and looks fantastic.,positive
902,"The keyboard is okay, does what it says.",neutral
325,"I absolutely love this keyboard, best purchase ever!",positive
608,"The lamp stopped working within a week, awful.",negative
1054,"Average backpack, nothing special but works fine.",neutral
791,"Extremely frustrated with this jacket, does not work as advertised.",negative
223,"Super happy with this tablet, worth every penny.",positive
180,"Fantastic camera, exceeded all my expectations.",positive
100,"I absolutely love this shoes, best purchase ever!",positive
522,"Very disappointed with this backpack, waste of money.",negative
23,"Fantastic jacket, exceeded all my expectations.",positive
357,The headphones works perfectly and looks fantastic.,positive
734,"Worst vacuum I have ever purchased, total garbage.",negative
1094,Reasonable backpack for casual use.,neutral
1112,"Not bad, not great, just an average vacuum.",neutral
612,"Worst laptop I have ever purchased, total garbage.",negative
1010,"The watch does the job, nothing more nothing less.",neutral
341,"This chair exceeded my expectations, highly recommend.",positive
432,The speaker works perfectly and looks fantastic.,positive
962,"Standard watch, works as expected.",neutral
218,"I absolutely love this charger, best purchase ever!",positive
204,"Super happy with this watch, worth every penny.",positive
906,"The camera is okay, does what it says.",neutral
923,"The speaker does the job, nothing more nothing less.",neutral
94,"This toy is exactly what I needed, love it.",positive
911,"Not bad, not great, just an average tablet.",neutral
69,"This watch is exactly what I needed, love it.",positive
895,"Extremely frustrated with this monitor, does not work as advertised.",negative
285,"This vacuum exceeded my expectations, highly recommend.",positive
697,"This camera was a complete letdown, returning it.",negative
86,"Great quality backpack, will buy again for sure.",positive
435,"Amazing experience with this lamp, five stars!",positive
797,"Worst laptop I have ever purchased, total garbage.",negative
154,"Fantastic lamp, exceeded all my expectations.",positive
76,"Fantastic watch, exceeded all my expectations.",positive
1043,"Standard camera, works as expected.",neutral
581,"This watch was a complete letdown, returning it.",negative
447,"This book is exactly what I needed, love it.",positive
704,The keyboard arrived damaged and customer service was unhelpful.,negative
189,"This phone case exceeded my expectations, highly recommend.",positive
272,Really impressed with the quality of this vacuum.,positive
237,"Excellent charger, fast shipping and great service.",positive
488,"This jacket exceeded my expectations, highly recommend.",positive
1160,"The blender arrived on time, no complaints.",neutral
560,"Worst lamp I have ever purchased, total garbage.",negative
118,"Amazing experience with this shoes, five stars!",positive
638,"This watch was a complete letdown, returning it.",negative
1128,"The charger does the job, nothing more nothing less.",neutral
751,"Worst speaker I have ever purchased, total garbage.",negative
513,The book arrived damaged and customer service was unhelpful.,negative
634,"The phone case stopped working within a week, awful.",negative
786,"Not worth the price, laptop feels cheaply made.",negative
1007,"Not bad, not great, just an average shoes.",neutral
853,"Poor quality monitor, would not recommend to anyone.",negative
127,"Amazing experience with this headphones, five stars!",positive
117,"This charger exceeded my expectations, highly recommend.",positive
474,"Amazing experience with this laptop, five stars!",positive
741,"This tablet was a complete letdown, returning it.",negative
993,"Average vacuum, nothing special but works fine.",neutral
58,"This laptop exceeded my expectations, highly recommend.",positive
604,"Extremely frustrated with this shoes, does not work as advertised.",negative
787,"Worst blender I have ever purchased, total garbage.",negative
971,"Average headphones, nothing special but works fine.",neutral
657,"Regret buying this chair, quality is very poor.",negative
903,"The charger is fine, meets basic expectations.",neutral
922,"The charger is fine, meets basic expectations.",neutral
106,"Amazing experience with this book, five stars!",positive
636,"Regret buying this shoes, quality is very poor.",negative
370,"Excellent shoes, fast shipping and great service.",positive
269,"This shoes exceeded my expectations, highly recommend.",positive
656,"This backpack was a complete letdown, returning it.",negative
47,"Amazing experience with this charger, five stars!",positive
350,"Excellent backpack, fast shipping and great service.",positive
774,"Not worth the price, jacket feels cheaply made.",negative
196,"I absolutely love this monitor, best purchase ever!",positive
103,"Super happy with this laptop, worth every penny.",positive
5,Really impressed with the quality of this headphones.,positive
620,"Very disappointed with this jacket, waste of money.",negative
991,"The camera arrived on time, no complaints.",neutral
53,"Excellent lamp, fast shipping and great service.",positive
264,"I absolutely love this backpack, best purchase ever!",positive
1093,"The book is okay, does what it says.",neutral
444,The jacket works perfectly and looks fantastic.,positive
972,"Not bad, not great, just an average speaker.",neutral
783,"Worst keyboard I have ever purchased, total garbage.",negative
847,"The toy stopped working within a week, awful.",negative
692,"Extremely frustrated with this tablet, does not work as advertised.",negative
305,"Excellent charger, fast shipping and great service.",positive
342,"I absolutely love this lamp, best purchase ever!",positive
867,"Very disappointed with this tablet, waste of money.",negative
314,"Excellent camera, fast shipping and great service.",positive
150,Really impressed with the quality of this shoes.,positive
125,"I absolutely love this blender, best purchase ever!",positive
1063,Reasonable book for casual use.,neutral
575,"This headphones was a complete letdown, returning it.",negative
698,"Worst charger I have ever purchased, total garbage.",negative
665,"Not worth the price, tablet feels cheaply made.",negative
51,"Fantastic shoes, exceeded all my expectations.",positive
727,"This backpack was a complete letdown, returning it.",negative
800,"This mouse was a complete letdown, returning it.",negative
354,"Excellent jacket, fast shipping and great service.",positive
1153,"The watch is okay, does what it says.",neutral
143,"Fantastic toy, exceeded all my expectations.",positive
471,"Fantastic mouse, exceeded all my expectations.",positive
654,"Regret buying this charger, quality is very poor.",negative
400,"This book exceeded my expectations, highly recommend.",positive
1154,"The charger is fine, meets basic expectations.",neutral
938,"The lamp is okay, does what it says.",neutral
321,"I absolutely love this vacuum, best purchase ever!",positive
20,"Super happy with this blender, worth every penny.",positive
685,"Extremely frustrated with this lamp, does not work as advertised.",negative
36,"This camera exceeded my expectations, highly recommend.",positive
825,"Regret buying this watch, quality is very poor.",negative
506,"Extremely frustrated with this charger, does not work as advertised.",negative
828,"Poor quality monitor, would not recommend to anyone.",negative
1071,Reasonable toy for casual use.,neutral
408,"This book exceeded my expectations, highly recommend.",positive
818,"This headphones was a complete letdown, returning it.",negative
538,"Worst monitor I have ever purchased, total garbage.",negative
759,"This backpack was a complete letdown, returning it.",negative
1069,"The chair is fine, meets basic expectations.",neutral
893,"Worst lamp I have ever purchased, total garbage.",negative
39,"This watch is exactly what I needed, love it.",positive
176,"Great quality vacuum, will buy again for sure.",positive
246,Really impressed with the quality of this tablet.,positive
811,"Extremely frustrated with this tablet, does not work as advertised.",negative
1085,It's a decent backpack for the price.,neutral
1078,"It's an okay phone case, would consider alternatives next time.",neutral
785,"The toy stopped working within a week, awful.",negative
1185,"Standard toy, works as expected.",neutral
490,"Fantastic speaker, exceeded all my expectations.",positive
155,The charger works perfectly and looks fantastic.,positive
639,"The laptop stopped working within a week, awful.",negative
663,"Very disappointed with this blender, waste of money.",negative
854,"Very disappointed with this mouse, waste of money.",negative
288,"Amazing experience with this backpack, five stars!",positive
626,"Poor quality vacuum, would not recommend to anyone.",negative
1200,Reasonable laptop for casual use.,neutral
686,"The keyboard stopped working within a week, awful.",negative
873,"Not worth the price, blender feels cheaply made.",negative
570,"The camera stopped working within a week, awful.",negative
1144,"Average chair, nothing special but works fine.",neutral
735,The headphones arrived damaged and customer service was unhelpful.,negative
793,"Worst watch I have ever purchased, total garbage.",negative
18,"This charger exceeded my expectations, highly recommend.",positive
128,"Excellent watch, fast shipping and great service.",positive
323,"I absolutely love this headphones, best purchase ever!",positive
256,"Great quality keyboard, will buy again for sure.",positive
944,"Not bad, not great, just an average monitor.",neutral
1180,Reasonable tablet for casual use.,neutral
191,"I absolutely love this vacuum, best purchase ever!",positive
116,"Excellent laptop, fast shipping and great service.",positive
1174,"The blender is fine, meets basic expectations.",neutral
889,"This monitor was a complete letdown, returning it.",negative
607,The vacuum arrived damaged and customer service was unhelpful.,negative
181,The book works perfectly and looks fantastic.,positive
302,The shoes works perfectly and looks fantastic.,positive
497,"This backpack exceeded my expectations, highly recommend.",positive
349,"This monitor is exactly what I needed, love it.",positive
1036,"Standard lamp, works as expected.",neutral
983,"Average laptop, nothing special but works fine.",neutral
745,"Worst jacket I have ever purchased, total garbage.",negative
1152,"The jacket is fine, meets basic expectations.",neutral
518,"Not worth the price, blender feels cheaply made.",negative
373,"This book is exactly what I needed, love it.",positive
46,Really impressed with the quality of this keyboard.,positive
477,"I absolutely love this jacket, best purchase ever!",positive
158,"Great quality mouse, will buy again for sure.",positive
1047,It's a decent vacuum for the price.,neutral
172,"Fantastic phone case, exceeded all my expectations.",positive
17,"Amazing experience with this backpack, five stars!",positive
512,"Worst laptop I have ever purchased, total garbage.",negative
49,"Great quality jacket, will buy again for sure.",positive
192,Really impressed with the quality of this monitor.,positive
547,"Poor quality backpack, would not recommend to anyone.",negative
516,"Extremely frustrated with this backpack, does not work as advertised.",negative
978,Reasonable jacket for casual use.,neutral
939,"The chair arrived on time, no complaints.",neutral
829,"Regret buying this jacket, quality is very poor.",negative
984,"The toy arrived on time, no complaints.",neutral
481,"This book exceeded my expectations, highly recommend.",positive
1129,"The blender arrived on time, no complaints.",neutral
284,"Super happy with this charger, worth every penny.",positive
1030,"The toy does the job, nothing more nothing less.",neutral
798,"Worst headphones I have ever purchased, total garbage.",negative
940,"Standard jacket, works as expected.",neutral
226,"Excellent blender, fast shipping and great service.",positive
27,Really impressed with the quality of this monitor.,positive
283,The shoes works perfectly and looks fantastic.,positive
1150,"Average keyboard, nothing special but works fine.",neutral
438,The backpack works perfectly and looks fantastic.,positive
1168,"The phone case is fine, meets basic expectations.",neutral
365,"Super happy with this camera, worth every penny.",positive
230,"Fantastic toy, exceeded all my expectations.",positive
38,"Amazing experience with this vacuum, five stars!",positive
670,"Worst tablet I have ever purchased, total garbage.",negative
750,The headphones arrived damaged and customer service was unhelpful.,negative
1181,Reasonable book for casual use.,neutral
375,"Amazing experience with this speaker, five stars!",positive
470,"This charger exceeded my expectations, highly recommend.",positive
883,"Very disappointed with this monitor, waste of money.",negative
1182,It's a decent keyboard for the price.,neutral
688,"Worst blender I have ever purchased, total garbage.",negative
33,"Super happy with this jacket, worth every penny.",positive
1011,"The tablet does the job, nothing more nothing less.",neutral
1176,It's a decent shoes for the price.,neutral
195,The laptop works perfectly and looks fantastic.,positive
1106,"The speaker is fine, meets basic expectations.",neutral
1114,"The backpack is fine, meets basic expectations.",neutral
1064,"The jacket arrived on time, no complaints.",neutral
504,"Extremely frustrated with this jacket, does not work as advertised.",negative
916,"Average camera, nothing special but works fine.",neutral
977,"The headphones does the job, nothing more nothing less.",neutral
1183,"Average chair, nothing special but works fine.",neutral
1088,"The phone case does the job, nothing more nothing less.",neutral
801,"Regret buying this camera, quality is very poor.",negative
580,"This toy was a complete letdown, returning it.",negative
161,"This phone case is exactly what I needed, love it.",positive
681,The monitor arrived damaged and customer service was unhelpful.,negative
1198,"Not bad, not great, just an average toy.",neutral
163,"This blender exceeded my expectations, highly recommend.",positive
822,"The chair stopped working within a week, awful.",negative
706,"The charger stopped working within a week, awful.",negative
1009,"The headphones is okay, does what it says.",neutral
878,"Terrible tablet, broke after one use.",negative
896,"The charger stopped working within a week, awful.",negative
914,"The book does the job, nothing more nothing less.",neutral
1199,"It's an okay jacket, would consider alternatives next time.",neutral
153,Really impressed with the quality of this tablet.,positive
979,"The monitor arrived on time, no complaints.",neutral
1003,"It's an okay tablet, would consider alternatives next time.",neutral
510,The lamp arrived damaged and customer service was unhelpful.,negative
112,"Excellent blender, fast shipping and great service.",positive
227,"Amazing experience with this lamp, five stars!",positive
986,"Standard watch, works as expected.",neutral
852,"Extremely frustrated with this mouse, does not work as advertised.",negative
104,"Fantastic headphones, exceeded all my expectations.",positive
422,"This chair exceeded my expectations, highly recommend.",positive
420,Really impressed with the quality of this speaker.,positive
625,"Very disappointed with this keyboard, waste of money.",negative
587,"Very disappointed with this monitor, waste of money.",negative
1061,"The laptop is okay, does what it says.",neutral
920,"Standard speaker, works as expected.",neutral
673,"Very disappointed with this headphones, waste of money.",negative
120,"Great quality jacket, will buy again for sure.",positive
54,"Excellent lamp, fast shipping and great service.",positive
152,"This chair exceeded my expectations, highly recommend.",positive
404,"Great quality charger, will buy again for sure.",positive
1189,"It's an okay keyboard, would consider alternatives next time.",neutral
208,"This laptop is exactly what I needed, love it.",positive
1135,"Average laptop, nothing special but works fine.",neutral
659,"Regret buying this mouse, quality is very poor.",negative
1097,"Not bad, not great, just an average toy.",neutral
233,Really impressed with the quality of this charger.,positive
9,Really impressed with the quality of this toy.,positive
160,"This charger exceeded my expectations, highly recommend.",positive
37,"Great quality chair, will buy again for sure.",positive
453,Really impressed with the quality of this lamp.,positive
652,"Not worth the price, book feels cheaply made.",negative
254,"Amazing experience with this headphones, five stars!",positive
304,"Excellent phone case, fast shipping and great service.",positive
897,"Not worth the price, jacket feels cheaply made.",negative
1049,"Average speaker, nothing special but works fine.",neutral
881,"The tablet stopped working within a week, awful.",negative
572,"Not worth the price, speaker feels cheaply made.",negative
624,"Regret buying this backpack, quality is very poor.",negative
1145,"The charger is fine, meets basic expectations.",neutral
1031,"The book is fine, meets basic expectations.",neutral
1146,Reasonable jacket for casual use.,neutral
263,"Amazing experience with this mouse, five stars!",positive
611,"This tablet was a complete letdown, returning it.",negative
298,"Excellent speaker, fast shipping and great service.",positive
990,Reasonable keyboard for casual use.,neutral
415,Really impressed with the quality of this chair.,positive
151,"I absolutely love this chair, best purchase ever!",positive
946,"Average shoes, nothing special but works fine.",neutral
473,"Excellent jacket, fast shipping and great service.",positive
953,"The speaker does the job, nothing more nothing less.",neutral
988,"The toy is fine, meets basic expectations.",neutral
779,The toy arrived damaged and customer service was unhelpful.,negative
641,"Very disappointed with this blender, waste of money.",negative
1190,"The vacuum arrived on time, no complaints.",neutral
1143,"It's an okay speaker, would consider alternatives next time.",neutral
551,"Extremely frustrated with this speaker, does not work as advertised.",negative
640,"Extremely frustrated with this tablet, does not work as advertised.",negative
936,"Standard shoes, works as expected.",neutral
929,"The camera is okay, does what it says.",neutral
489,"This backpack is exactly what I needed, love it.",positive
820,"Extremely frustrated with this vacuum, does not work as advertised.",negative
711,"Regret buying this watch, quality is very poor.",negative
1081,"The shoes is okay, does what it says.",neutral
148,"Excellent shoes, fast shipping and great service.",positive
147,"This chair exceeded my expectations, highly recommend.",positive
1175,"It's an okay monitor, would consider alternatives next time.",neutral
963,It's a decent toy for the price.,neutral
346,"I absolutely love this charger, best purchase ever!",positive
403,"This book is exactly what I needed, love it.",positive
932,"The watch is okay, does what it says.",neutral
955,"Average backpack, nothing special but works fine.",neutral
1125,It's a decent toy for the price.,neutral
660,"This toy was a complete letdown, returning it.",negative
464,"Super happy with this watch, worth every penny.",positive
187,"Fantastic jacket, exceeded all my expectations.",positive
609,"Very disappointed with this tablet, waste of money.",negative
144,"I absolutely love this watch, best purchase ever!",positive
752,"Worst shoes I have ever purchased, total garbage.",negative
982,Reasonable tablet for casual use.,neutral
198,"This shoes exceeded my expectations, highly recommend.",positive
884,"Extremely frustrated with this toy, does not work as advertised.",negative
280,"Amazing experience with this book, five stars!",positive
294,Really impressed with the quality of this mouse.,positive
1089,"Not bad, not great, just an average charger.",neutral
401,Really impressed with the quality of this phone case.,positive
123,"This shoes exceeded my expectations, highly recommend.",positive
203,"I absolutely love this tablet, best purchase ever!",positive
836,The speaker arrived damaged and customer service was unhelpful.,negative
247,"Super happy with this chair, worth every penny.",positive
1140,"The mouse does the job, nothing more nothing less.",neutral
385,"Amazing experience with this blender, five stars!",positive
855,"Poor quality monitor, would not recommend to anyone.",negative
220,Really impressed with the quality of this watch.,positive
642,"Not worth the price, book feels cheaply made.",negative
2,"Amazing experience with this camera, five stars!",positive
113,"Excellent monitor, fast shipping and great service.",positive
699,"The phone case stopped working within a week, awful.",negative
952,"It's an okay keyboard, would consider alternatives next time.",neutral
1079,"The book is fine, meets basic expectations.",neutral
442,The lamp works perfectly and looks fantastic.,positive
664,"Poor quality vacuum, would not recommend to anyone.",negative
1197,"The jacket arrived on time, no complaints.",neutral
318,"Excellent camera, fast shipping and great service.",positive
649,"Terrible phone case, broke after one use.",negative
710,"The laptop stopped working within a week, awful.",negative
973,Reasonable book for casual use.,neutral
628,"Worst shoes I have ever purchased, total garbage.",negative
633,"Very disappointed with this watch, waste of money.",negative
1172,"Not bad, not great, just an average watch.",neutral
1107,"The keyboard does the job, nothing more nothing less.",neutral
796,"Regret buying this charger, quality is very poor.",negative
646,"Regret buying this shoes, quality is very poor.",negative
1013,"It's an okay charger, would consider alternatives next time.",neutral
557,The keyboard arrived damaged and customer service was unhelpful.,negative
682,"This laptop was a complete letdown, returning it.",negative
578,"Extremely frustrated with this backpack, does not work as advertised.",negative
525,"Very disappointed with this mouse, waste of money.",negative
1060,"The toy is okay, does what it says.",neutral
541,"Regret buying this tablet, quality is very poor.",negative
749,"Extremely frustrated with this mouse, does not work as advertised.",negative
1110,"The camera is fine, meets basic expectations.",neutral
485,"Fantastic phone case, exceeded all my expectations.",positive
96,"This shoes exceeded my expectations, highly recommend.",positive
1021,"The camera does the job, nothing more nothing less.",neutral
564,"Regret buying this phone case, quality is very poor.",negative
743,"Worst phone case I have ever purchased, total garbage.",negative
864,"Poor quality camera, would not recommend to anyone.",negative
892,"Very disappointed with this shoes, waste of money.",negative
1039,"The chair does the job, nothing more nothing less.",neutral
207,"Excellent blender, fast shipping and great service.",positive
393,"Amazing experience with this speaker, five stars!",positive
795,The mouse arrived damaged and customer service was unhelpful.,negative
871,"Regret buying this tablet, quality is very poor.",negative
398,"Fantastic laptop, exceeded all my expectations.",positive
767,"The charger stopped working within a week, awful.",negative
1100,Reasonable charger for casual use.,neutral
1029,"The watch does the job, nothing more nothing less.",neutral
643,"Extremely frustrated with this monitor, does not work as advertised.",negative
613,"Not worth the price, keyboard feels cheaply made.",negative
961,"The speaker arrived on time, no complaints.",neutral
726,"Poor quality speaker, would not recommend to anyone.",negative
684,"Very disappointed with this monitor, waste of money.",negative
99,Really impressed with the quality of this shoes.,positive
805,The speaker arrived damaged and customer service was unhelpful.,negative
407,"Excellent headphones, fast shipping and great service.",positive
503,"The book stopped working within a week, awful.",negative
1072,"The vacuum does the job, nothing more nothing less.",neutral
1057,"The monitor arrived on time, no complaints.",neutral
930,"Not bad, not great, just an average headphones.",neutral
780,"Regret buying this jacket, quality is very poor.",negative
201,"Amazing experience with this backpack, five stars!",positive
135,"Fantastic tablet, exceeded all my expectations.",positive
1052,"It's an okay camera, would consider alternatives next time.",neutral
41,"Amazing experience with this vacuum, five stars!",positive
1018,"Average vacuum, nothing special but works fine.",neutral
231,"Super happy with this keyboard, worth every penny.",positive
379,"Fantastic vacuum, exceeded all my expectations.",positive
289,"Excellent headphones, fast shipping and great service.",positive
419,"Excellent lamp, fast shipping and great service.",positive
392,"Amazing experience with this blender, five stars!",positive
593,"Very disappointed with this monitor, waste of money.",negative
1087,It's a decent blender for the price.,neutral
648,"Not worth the price, speaker feels cheaply made.",negative
521,The backpack arrived damaged and customer service was unhelpful.,negative
65,"This phone case exceeded my expectations, highly recommend.",positive
15,"Excellent watch, fast shipping and great service.",positive
1065,Reasonable chair for casual use.,neutral
493,"This shoes is exactly what I needed, love it.",positive
380,"Excellent monitor, fast shipping and great service.",positive
188,"Fantastic tablet, exceeded all my expectations.",positive
764,"Regret buying this lamp, quality is very poor.",negative
217,"Fantastic mouse, exceeded all my expectations.",positive
792,"Regret buying this toy, quality is very poor.",negative
1077,"The lamp is fine, meets basic expectations.",neutral
879,"Worst chair I have ever purchased, total garbage.",negative
338,"This keyboard exceeded my expectations, highly recommend.",positive
720,"Regret buying this speaker, quality is very poor.",negative
296,"This mouse is exactly what I needed, love it.",positive
1017,Reasonable monitor for casual use.,neutral
456,"This watch is exactly what I needed, love it.",positive
816,"Poor quality keyboard, would not recommend to anyone.",negative
270,"Great quality jacket, will buy again for sure.",positive
996,"The backpack arrived on time, no complaints.",neutral
202,"Great quality watch, will buy again for sure.",positive
162,Really impressed with the quality of this chair.,positive
730,The book arrived damaged and customer service was unhelpful.,negative
402,"This speaker is exactly what I needed, love it.",positive
703,"Extremely frustrated with this headphones, does not work as advertised.",negative
1130,Reasonable phone case for casual use.,neutral
566,"This book was a complete letdown, returning it.",negative
1022,"The shoes arrived on time, no complaints.",neutral
1026,"The shoes arrived on time, no complaints.",neutral
1105,It's a decent speaker for the price.,neutral
206,"Great quality camera, will buy again for sure.",positive
35,"Amazing experience with this monitor, five stars!",positive
776,"This monitor was a complete letdown, returning it.",negative
509,"Poor quality keyboard, would not recommend to anyone.",negative
1184,"The toy does the job, nothing more nothing less.",neutral
92,"Excellent speaker, fast shipping and great service.",positive
898,"The watch stopped working within a week, awful.",negative
565,"Regret buying this laptop, quality is very poor.",negative
777,"Very disappointed with this headphones, waste of money.",negative
242,The lamp works perfectly and looks fantastic.,positive
14,"I absolutely love this camera, best purchase ever!",positive
316,"Super happy with this jacket, worth every penny.",positive
601,"Terrible laptop, broke after one use.",negative
388,"Amazing experience with this keyboard, five stars!",positive
167,"Amazing experience with this headphones, five stars!",positive
841,"Not worth the price, laptop feels cheaply made.",negative
21,Really impressed with the quality of this monitor.,positive
647,"Extremely frustrated with this laptop, does not work as advertised.",negative
1155,It's a decent lamp for the price.,neutral
832,"This shoes was a complete letdown, returning it.",negative
563,"This mouse was a complete letdown, returning it.",negative
1171,"The jacket is fine, meets basic expectations.",neutral
687,"Poor quality book, would not recommend to anyone.",negative
958,"Standard charger, works as expected.",neutral
190,"Great quality headphones, will buy again for sure.",positive
976,"Standard backpack, works as expected.",neutral
700,"Regret buying this backpack, quality is very poor.",negative
511,The shoes arrived damaged and customer service was unhelpful.,negative
1083,Reasonable watch for casual use.,neutral
475,"Super happy with this toy, worth every penny.",positive
857,"Worst blender I have ever purchased, total garbage.",negative
748,"Regret buying this tablet, quality is very poor.",negative
253,"Super happy with this chair, worth every penny.",positive
22,"I absolutely love this camera, best purchase ever!",positive
460,"This book exceeded my expectations, highly recommend.",positive
277,"This book is exactly what I needed, love it.",positive
956,"The jacket arrived on time, no complaints.",neutral
386,"This charger exceeded my expectations, highly recommend.",positive
806,"Regret buying this backpack, quality is very poor.",negative
344,"Super happy with this tablet, worth every penny.",positive
770,"This speaker was a complete letdown, returning it.",negative
131,"Great quality laptop, will buy again for sure.",positive
872,"Very disappointed with this jacket, waste of money.",negative
1124,"The shoes is okay, does what it says.",neutral
88,The watch works perfectly and looks fantastic.,positive
331,"Great quality monitor, will buy again for sure.",positive
467,"I absolutely love this vacuum, best purchase ever!",positive
122,"This camera is exactly what I needed, love it.",positive
1045,"Not bad, not great, just an average laptop.",neutral
1096,"The charger does the job, nothing more nothing less.",neutral
1131,"Not bad, not great, just an average watch.",neutral
861,"Not worth the price, book feels cheaply made.",negative
1127,"Not bad, not great, just an average blender.",neutral
