CustomerID,Name,Age,Gender,City,Salary,JoinDate,Email
1,Thomas Smith,,m,Philadelphia,33381.89,04-30-2020,thomas.smith@example.com
2,Joseph Brown,68.0,F,Philadelphia,,06-22-2023,joseph.brown@example.com
3,Elizabeth Jones,,F,Phoenix,74859.64,13-Dec-2021,elizabeth.jones@example.com
4,Michael Gonzalez,75.0,Male,San Antonio,51614.4,2019-06-13,michael.gonzalez@example.com
5,Mary Wilson,58.0,male,Chicago,26404.45,09/10/2019,mary.wilson@example.com
6,Patricia Gonzalez,60.0,M,New York,124023.4,2021-10-20,patricia.gonzalez@example.com
7,Joseph Johnson,23.0,F,Chicago,49962.36,09-16-2021,joseph.johnson@example.com
8,Richard Gonzalez,45.0,male,Phoenix,62196.78,24/05/2023,richard.gonzalez@example.com
9,Susan Jones,33.0,m,Chicago,72069.69,2018-11-29,susan.jones@example.com
10,Linda Anderson,62.0,female,Philadelphia,56322.32,08/12/2022,linda.anderson@example.com
11,Elizabeth Gonzalez,73.0,Male,Chicago,68551.09,12-01-2019,elizabeth.gonzalez@example.com
12,Joseph Rodriguez,42.0,Female,San Antonio,46400.89,20-Oct-2020,joseph.rodriguez@example.com
13,Elizabeth Miller,20.0,f,Chicago,47682.71,13-Mar-2019,elizabeth.miller@example.com
14,Susan Wilson,45.0,Male,Philadelphia,,31/12/2021,susan.wilson@example.com
15,Joseph Martinez,66.0,m,Houston,51639.43,09-Aug-2019,
16,Barbara Smith,25.0,f,Los Angeles,55598.95,15/05/2020,barbara.smith@example.com
17,Elizabeth Rodriguez,29.0,Female,Los Angeles,48356.4,30/07/2018,elizabeth.rodriguez@example.com
18,Susan Jones,58.0,M,Los Angeles,38830.23,2020-08-08,
19,John Garcia,28.0,female,Philadelphia,33524.44,08-27-2020,john.garcia@example.com
20,Jessica Lopez,150.0,female,Phoenix,73369.86,2021-07-08,jessica.lopez@example.com
21,David Garcia,200.0,m,Los Angeles,64917.31,12/01/2023,david.garcia@example.com
22,Michael Gonzalez,24.0,m,Phoenix,50718.95,05-04-2023,michael.gonzalez@example.com
23,David Smith,68.0,M,Chicago,53306.85,24-May-2022,david.smith@example.com
24,Susan Rodriguez,54.0,female,Philadelphia,51079.65,2023-05-01,susan.rodriguez@example.com
25,Susan Davis,67.0,Female,Los Angeles,57674.35,2020-01-21,susan.davis@example.com
26,David Hernandez,45.0,F,Philadelphia,55333.67,06/01/2023,david.hernandez@example.com
27,Linda Brown,47.0,m,Phoenix,84732.78,2021-11-04,linda.brown@example.com
28,Patricia Davis,47.0,Female,Houston,,16-Mar-2018,patricia.davis@example.com
29,Jessica Johnson,73.0,male,Houston,53031.4,11-19-2019,jessica.johnson@example.com
30,John Davis,65.0,Male,Philadelphia,58559.53,2019-06-01,john.davis@example.com
31,Joseph Rodriguez,42.0,Female,San Antonio,46400.89,20-Oct-2020,joseph.rodriguez@example.com
32,Michael Lopez,41.0,M,Los Angeles,24033.78,2019-03-26,michael.lopez@example.com
33,Richard Williams,52.0,F,San Antonio,47562.07,19-Jun-2018,richard.williams@example.com
34,Linda Martinez,,f,Los Angeles,,27/03/2023,linda.martinez@example.com
35,Jessica Hernandez,63.0,Male,Phoenix,52495.75,09-30-2018,jessica.hernandez@example.com
36,Elizabeth Brown,62.0,female,Los Angeles,63016.72,09-30-2019,elizabeth.brown@example.com
37,Joseph Johnson,72.0,f,Los Angeles,67208.82,2020-02-02,
38,Jessica Lopez,42.0,f,New York,36497.14,15/07/2020,jessica.lopez@example.com
39,Patricia Hernandez,24.0,f,Philadelphia,,2022-12-25,patricia.hernandez@example.com
40,Thomas Anderson,,female,Philadelphia,,2018-07-11,thomas.anderson@example.com
41,Robert Johnson,38.0,Male,Houston,37153.75,12-Oct-2018,robert.johnson@example.com
42,Jessica Brown,,F,Los Angeles,61577.57,25-Sep-2019,jessica.brown@example.com
43,Linda Smith,29.0,female,New York,,2018-06-18,linda.smith@example.com
44,Michael Lopez,39.0,Female,New York,44694.86,08/09/2018,michael.lopez@example.com
45,Jessica Gonzalez,73.0,male,Phoenix,31051.63,04-27-2020,jessica.gonzalez@example.com
46,Thomas Gonzalez,,M,Phoenix,51399.4,10/05/2020,thomas.gonzalez@example.com
47,William Garcia,,female,Phoenix,74453.28,2021-08-23,william.garcia@example.com
48,Jennifer Anderson,150.0,f,Chicago,62168.89,22-Jul-2018,jennifer.anderson@example.com
49,Richard Johnson,41.0,f,New York,32229.99,06-16-2022,richard.johnson@example.com
50,Linda Hernandez,62.0,male,Philadelphia,76905.58,10-Feb-2021,linda.hernandez@example.com
51,Joseph Johnson,45.0,F,Philadelphia,72735.03,13/03/2020,joseph.johnson@example.com
52,William Miller,63.0,M,Philadelphia,46673.15,13-Jan-2019,william.miller@example.com
53,Jessica Johnson,50.0,female,New York,45385.37,18/08/2020,jessica.johnson@example.com
54,Patricia Jones,27.0,male,Phoenix,44764.41,2022-03-23,patricia.jones@example.com
55,Jessica Johnson,,M,New York,52551.27,07/11/2022,jessica.johnson@example.com
56,Robert Anderson,38.0,F,Phoenix,42457.41,18-Jan-2019,robert.anderson@example.com
57,Mary Smith,24.0,female,Houston,60432.85,05-15-2023,mary.smith@example.com
58,Jessica Davis,66.0,female,San Antonio,60615.56,2018-08-08,jessica.davis@example.com
59,Mary Martinez,31.0,Female,Houston,62867.68,20/10/2021,mary.martinez@example.com
60,John Garcia,71.0,Female,Los Angeles,72896.29,01-21-2023,john.garcia@example.com
61,Elizabeth Williams,19.0,F,Phoenix,59101.58,01-04-2018,elizabeth.williams@example.com
62,Joseph Miller,45.0,male,New York,,17/01/2021,joseph.miller@example.com
63,Mary Hernandez,25.0,f,Phoenix,47921.1,05-13-2022,mary.hernandez@example.com
64,Jennifer Garcia,54.0,F,Los Angeles,55905.19,2018-04-04,jennifer.garcia@example.com
65,Richard Wilson,53.0,M,Phoenix,33376.84,10-24-2021,richard.wilson@example.com
66,Mary Garcia,26.0,female,Phoenix,41113.83,09-15-2021,mary.garcia@example.com
67,Jessica Martinez,27.0,M,Phoenix,36254.3,12-13-2018,jessica.martinez@example.com
68,William Johnson,36.0,Male,Philadelphia,54264.97,03-Feb-2018,william.johnson@example.com
69,Jennifer Davis,64.0,female,Phoenix,72565.01,26/10/2018,jennifer.davis@example.com
70,David Lopez,,female,Los Angeles,54747.56,2020-01-07,david.lopez@example.com
71,Elizabeth Hernandez,70.0,m,San Antonio,59704.73,2022-04-20,elizabeth.hernandez@example.com
72,Patricia Smith,,m,San Antonio,55341.67,2020-05-31,patricia.smith@example.com
73,John Johnson,63.0,female,New York,65041.27,2018-10-17,john.johnson@example.com
74,Elizabeth Johnson,,M,Houston,8762.43,06-Jul-2022,elizabeth.johnson@example.com
75,David Smith,59.0,Male,San Antonio,63231.18,10-21-2021,david.smith@example.com
76,Thomas Davis,51.0,M,Houston,48016.85,06-09-2022,thomas.davis@example.com
77,Michael Johnson,74.0,m,Houston,65858.1,07-16-2022,michael.johnson@example.com
78,Michael Anderson,19.0,male,New York,55126.38,12/09/2019,michael.anderson@example.com
79,Susan Miller,24.0,male,Los Angeles,71053.48,06/01/2021,susan.miller@example.com
80,Thomas Davis,58.0,Female,Phoenix,57390.36,21-Apr-2018,thomas.davis@example.com
81,Jennifer Anderson,150.0,f,Chicago,62168.89,22-Jul-2018,jennifer.anderson@example.com
82,Thomas Wilson,73.0,female,Los Angeles,63384.17,2021-08-04,thomas.wilson@example.com
83,Jennifer Brown,45.0,f,New York,38991.32,2020-08-14,jennifer.brown@example.com
84,Richard Garcia,65.0,female,Philadelphia,65227.9,2022-08-10,richard.garcia@example.com
85,Joseph Gonzalez,67.0,f,Houston,51947.1,04-13-2019,joseph.gonzalez@example.com
86,Michael Hernandez,29.0,F,Houston,33413.7,11-06-2019,michael.hernandez@example.com
87,Michael Williams,32.0,m,Chicago,69924.01,2023-06-13,michael.williams@example.com
88,Jessica Johnson,,M,San Antonio,87464.08,07-Jun-2021,jessica.johnson@example.com
89,Jennifer Miller,25.0,Female,Chicago,62441.88,2020-03-29,
90,Jennifer Gonzalez,,male,Los Angeles,83564.6,09-28-2021,jennifer.gonzalez@example.com
91,Susan Anderson,-5.0,Female,San Antonio,39322.54,01/03/2022,susan.anderson@example.com
92,William Jones,45.0,Female,San Antonio,31655.69,29-Dec-2019,william.jones@example.com
93,Jessica Anderson,30.0,m,San Antonio,54677.13,2019-04-05,jessica.anderson@example.com
94,Robert Wilson,58.0,f,New York,56959.34,10/06/2022,robert.wilson@example.com
95,Barbara Smith,31.0,male,Phoenix,56435.66,13/11/2018,barbara.smith@example.com
96,William Rodriguez,29.0,F,New York,58325.23,06-07-2019,william.rodriguez@example.com
97,Jennifer Smith,35.0,F,New York,54745.77,2019-07-15,jennifer.smith@example.com
98,Jessica Johnson,39.0,Female,Philadelphia,69636.74,08-Jun-2020,jessica.johnson@example.com
99,Susan Davis,57.0,female,Philadelphia,25720.33,22-Jan-2018,susan.davis@example.com
100,David Rodriguez,33.0,Male,Chicago,88713.93,22-Oct-2018,david.rodriguez@example.com
101,Jessica Anderson,64.0,F,San Antonio,35702.24,15/01/2019,jessica.anderson@example.com
102,Michael Smith,59.0,f,Philadelphia,37612.19,10/04/2021,michael.smith@example.com
103,Jessica Hernandez,49.0,M,San Antonio,43949.89,2019-09-13,jessica.hernandez@example.com
104,Barbara Miller,30.0,f,Chicago,66470.44,11/05/2023,barbara.miller@example.com
105,Mary Davis,56.0,Male,Phoenix,33082.31,15-Aug-2018,mary.davis@example.com
106,Robert Jones,74.0,f,Philadelphia,56087.62,2019-05-11,robert.jones@example.com
107,Thomas Miller,,F,Houston,43200.92,13-Jun-2022,thomas.miller@example.com
108,Susan Anderson,22.0,Male,New York,48859.13,10-Sep-2018,
109,Jennifer Garcia,60.0,female,Phoenix,64231.73,20/05/2020,jennifer.garcia@example.com
110,Jennifer Jones,41.0,male,San Antonio,74231.39,03/03/2023,jennifer.jones@example.com
111,Richard Martinez,,male,Phoenix,33201.38,2020-01-15,richard.martinez@example.com
112,Elizabeth Brown,41.0,Male,San Antonio,44326.24,13-Feb-2018,elizabeth.brown@example.com
113,John Davis,43.0,female,Houston,53578.37,2019-10-10,john.davis@example.com
114,Jennifer Jones,58.0,male,Philadelphia,73669.63,11-Oct-2018,jennifer.jones@example.com
115,Elizabeth Martinez,36.0,m,Los Angeles,27953.52,2020-07-02,elizabeth.martinez@example.com
116,Richard Hernandez,150.0,Female,Chicago,71823.35,2021-12-23,richard.hernandez@example.com
117,Barbara Rodriguez,64.0,Female,New York,13078.23,06-29-2018,barbara.rodriguez@example.com
118,Mary Garcia,33.0,Female,Houston,71901.8,05/02/2021,mary.garcia@example.com
119,Joseph Gonzalez,48.0,F,Chicago,74572.52,2022-08-29,joseph.gonzalez@example.com
120,Elizabeth Williams,60.0,male,Philadelphia,61315.7,11-Oct-2022,elizabeth.williams@example.com
121,Patricia Anderson,37.0,m,New York,50357.85,06-Jun-2018,patricia.anderson@example.com
122,Susan Smith,60.0,male,Los Angeles,65874.73,2020-01-14,susan.smith@example.com
123,Robert Gonzalez,68.0,F,Philadelphia,28679.14,14-Oct-2020,robert.gonzalez@example.com
124,Jennifer Wilson,29.0,Male,Los Angeles,54636.22,21/12/2020,jennifer.wilson@example.com
125,Richard Wilson,29.0,Male,Houston,29545.19,02-10-2022,richard.wilson@example.com
126,Patricia Rodriguez,200.0,M,San Antonio,71214.61,06-18-2018,patricia.rodriguez@example.com
127,Jessica Hernandez,49.0,M,San Antonio,43949.89,2019-09-13,jessica.hernandez@example.com
128,Robert Jones,-5.0,Male,Philadelphia,165711.04,09-27-2018,robert.jones@example.com
129,Elizabeth Garcia,46.0,m,Houston,45450.62,13-Sep-2019,elizabeth.garcia@example.com
130,Barbara Gonzalez,37.0,Male,Philadelphia,59264.63,04-09-2019,barbara.gonzalez@example.com
131,Linda Lopez,32.0,f,San Antonio,56521.51,09-08-2020,linda.lopez@example.com
132,Mary Hernandez,63.0,M,Phoenix,40895.81,10-Jun-2022,mary.hernandez@example.com
133,Linda Brown,19.0,F,Chicago,,17-Dec-2020,linda.brown@example.com
134,William Anderson,50.0,F,Houston,72078.35,13-Oct-2019,william.anderson@example.com
135,William Jones,63.0,Male,Houston,,2021-02-06,william.jones@example.com
136,William Jones,50.0,male,San Antonio,72570.9,09-26-2018,william.jones@example.com
137,John Lopez,63.0,female,New York,59028.23,02-Jan-2022,john.lopez@example.com
138,Jennifer Martinez,150.0,Male,New York,45354.85,2018-03-21,jennifer.martinez@example.com
139,Mary Rodriguez,67.0,female,Philadelphia,34243.06,03-04-2020,mary.rodriguez@example.com
140,David Anderson,61.0,Female,New York,66045.67,05-10-2022,david.anderson@example.com
141,Patricia Martinez,39.0,M,New York,56710.51,24/07/2022,patricia.martinez@example.com
142,Thomas Gonzalez,28.0,Female,New York,48111.74,07/12/2022,thomas.gonzalez@example.com
143,Patricia Lopez,50.0,f,Los Angeles,65248.43,06-07-2019,patricia.lopez@example.com
144,John Smith,,m,Chicago,63744.55,14/05/2021,john.smith@example.com
145,Mary Garcia,51.0,m,Philadelphia,45746.17,25/10/2019,mary.garcia@example.com
146,Joseph Gonzalez,49.0,M,Philadelphia,47130.93,2018-10-24,joseph.gonzalez@example.com
147,Robert Davis,42.0,m,New York,28287.77,29-Jul-2018,robert.davis@example.com
148,Patricia Gonzalez,26.0,male,Los Angeles,,13/10/2021,patricia.gonzalez@example.com
149,Barbara Johnson,70.0,female,New York,35773.63,2019-03-18,barbara.johnson@example.com
150,Richard Lopez,,male,Chicago,59979.61,29-Aug-2021,
151,Richard Williams,21.0,Male,Chicago,80357.89,07/02/2023,
152,Patricia Gonzalez,60.0,Male,Los Angeles,,2019-12-26,patricia.gonzalez@example.com
153,Thomas Wilson,33.0,M,Chicago,60948.47,09-Apr-2020,thomas.wilson@example.com
154,David Miller,37.0,f,New York,80493.06,2018-11-28,david.miller@example.com
155,John Miller,47.0,F,Phoenix,47390.39,31/12/2021,john.miller@example.com
156,Joseph Anderson,19.0,F,Los Angeles,64007.48,2020-10-08,joseph.anderson@example.com
157,Linda Anderson,61.0,Female,Houston,26986.35,29/06/2022,linda.anderson@example.com
158,Barbara Williams,72.0,Female,New York,42648.1,01-30-2023,barbara.williams@example.com
159,David Johnson,70.0,f,Chicago,28468.95,08-20-2019,david.johnson@example.com
160,Linda Davis,60.0,F,Philadelphia,51997.69,05-Feb-2021,linda.davis@example.com
161,John Smith,38.0,Male,New York,59946.25,11/06/2023,john.smith@example.com
162,Linda Miller,19.0,m,Philadelphia,66468.11,2021-09-27,linda.miller@example.com
163,Joseph Wilson,36.0,m,Houston,67733.75,14-Aug-2018,joseph.wilson@example.com
164,Robert Wilson,46.0,Female,San Antonio,,10/08/2019,robert.wilson@example.com
165,Robert Anderson,,Male,Los Angeles,41604.98,10-07-2021,robert.anderson@example.com
166,William Lopez,70.0,f,Los Angeles,52371.07,20-Sep-2022,william.lopez@example.com
167,Susan Anderson,,female,Philadelphia,,27-Mar-2023,susan.anderson@example.com
168,Mary Williams,23.0,F,Phoenix,33592.38,2021-12-14,mary.williams@example.com
169,Mary Brown,52.0,M,Chicago,53099.7,19-Dec-2022,mary.brown@example.com
170,William Wilson,74.0,Male,Chicago,31176.27,02-01-2018,william.wilson@example.com
171,Jessica Rodriguez,33.0,M,Los Angeles,23164.76,15-Jan-2018,jessica.rodriguez@example.com
172,William Gonzalez,61.0,Female,Phoenix,63496.67,2018-07-29,william.gonzalez@example.com
173,William Anderson,42.0,female,Philadelphia,53028.85,2019-06-23,william.anderson@example.com
174,Joseph Lopez,32.0,Female,Chicago,74323.05,18-May-2020,joseph.lopez@example.com
175,Robert Johnson,49.0,female,Chicago,68480.64,11-07-2020,robert.johnson@example.com
176,Jessica Johnson,,female,San Antonio,24210.47,24/05/2019,jessica.johnson@example.com
177,John Williams,52.0,Male,Phoenix,52392.65,2020-10-13,john.williams@example.com
178,Thomas Rodriguez,,m,Philadelphia,46176.06,16/03/2023,thomas.rodriguez@example.com
179,John Smith,27.0,f,San Antonio,,2022-09-11,john.smith@example.com
180,Thomas Johnson,23.0,m,Los Angeles,66629.94,12-Jun-2019,thomas.johnson@example.com
181,Patricia Wilson,68.0,M,San Antonio,32044.02,2022-04-16,patricia.wilson@example.com
182,Michael Anderson,,Female,Philadelphia,45354.54,29-May-2023,
183,Susan Lopez,50.0,Male,San Antonio,83680.28,23/06/2022,susan.lopez@example.com
184,Robert Brown,21.0,f,New York,79893.42,06-13-2023,robert.brown@example.com
185,Jessica Hernandez,61.0,female,Houston,,01-13-2023,jessica.hernandez@example.com
186,Susan Lopez,,m,Phoenix,75059.8,11-15-2021,susan.lopez@example.com
187,Michael Miller,23.0,Male,Philadelphia,54805.08,12-11-2018,michael.miller@example.com
188,Thomas Jones,56.0,male,Phoenix,40850.24,27/12/2022,thomas.jones@example.com
189,Richard Davis,30.0,male,Los Angeles,,07-09-2022,richard.davis@example.com
190,Thomas Davis,51.0,M,Houston,48016.85,06-09-2022,thomas.davis@example.com
191,David Hernandez,,f,Los Angeles,47259.36,2019-04-09,david.hernandez@example.com
192,Joseph Jones,74.0,male,Houston,56107.48,01/01/2018,joseph.jones@example.com
193,Mary Rodriguez,46.0,Female,Phoenix,50247.02,19/05/2023,mary.rodriguez@example.com
194,Susan Lopez,22.0,F,Los Angeles,66409.9,2019-06-12,susan.lopez@example.com
195,Thomas Martinez,21.0,m,Phoenix,43895.57,31-Mar-2018,thomas.martinez@example.com
196,Susan Hernandez,,female,San Antonio,41370.61,06-12-2020,susan.hernandez@example.com
197,Patricia Martinez,66.0,F,Phoenix,35136.5,18/12/2018,patricia.martinez@example.com
198,Linda Johnson,25.0,f,Chicago,132665.6,29/03/2023,linda.johnson@example.com
199,William Miller,58.0,M,Phoenix,145610.11,2021-07-27,william.miller@example.com
200,Patricia Johnson,,m,Chicago,77464.59,2021-05-15,
201,Richard Rodriguez,41.0,M,Phoenix,9995.26,2022-11-06,richard.rodriguez@example.com
202,John Davis,65.0,Male,Philadelphia,58559.53,2019-06-01,john.davis@example.com
203,John Williams,33.0,male,Philadelphia,48563.97,29-Jan-2019,john.williams@example.com
204,Jessica Williams,150.0,female,Philadelphia,80144.61,29/11/2021,jessica.williams@example.com
205,Susan Garcia,74.0,f,Chicago,60787.01,2019-04-08,susan.garcia@example.com
206,Elizabeth Martinez,42.0,f,Phoenix,42032.65,2018-02-17,elizabeth.martinez@example.com
207,Michael Smith,150.0,m,Philadelphia,33239.82,16/11/2018,
208,Thomas Martinez,52.0,m,Phoenix,72179.74,2018-09-15,thomas.martinez@example.com
209,Susan Miller,47.0,Male,New York,49574.98,06-25-2021,susan.miller@example.com
210,Richard Gonzalez,24.0,Male,San Antonio,48696.01,04-02-2020,richard.gonzalez@example.com
211,Richard Smith,23.0,F,Philadelphia,47977.63,2018-10-11,
212,Jessica Martinez,74.0,m,Philadelphia,55965.66,11-Feb-2020,jessica.martinez@example.com
213,Joseph Rodriguez,21.0,f,Chicago,64399.44,2018-02-06,joseph.rodriguez@example.com
214,David Lopez,,female,Los Angeles,54747.56,2020-01-07,david.lopez@example.com
215,Robert Williams,51.0,Male,Phoenix,52284.27,2020-06-20,robert.williams@example.com
216,Thomas Smith,,f,Phoenix,55351.71,27/04/2020,thomas.smith@example.com
217,David Brown,18.0,M,Philadelphia,51610.46,2020-10-22,
218,Jennifer Davis,74.0,m,Chicago,48700.98,2019-02-26,jennifer.davis@example.com
219,Elizabeth Johnson,68.0,f,New York,65149.43,18-Jun-2022,elizabeth.johnson@example.com
220,David Gonzalez,52.0,Female,Chicago,27093.12,2019-12-16,david.gonzalez@example.com
221,Michael Jones,39.0,male,Houston,,2018-04-15,michael.jones@example.com
222,Susan Gonzalez,23.0,f,Houston,54319.21,23/06/2018,susan.gonzalez@example.com
223,William Wilson,49.0,M,San Antonio,63411.66,18-Jul-2018,william.wilson@example.com
224,David Rodriguez,69.0,M,Houston,39289.0,09-23-2022,
225,David Anderson,32.0,m,New York,74130.43,01/06/2020,david.anderson@example.com
226,John Miller,38.0,M,New York,66160.2,2021-10-04,john.miller@example.com
227,Mary Lopez,,Male,San Antonio,42311.16,15/01/2020,mary.lopez@example.com
228,Thomas Gonzalez,50.0,f,New York,38051.41,04-18-2022,thomas.gonzalez@example.com
229,Patricia Garcia,,F,Houston,72157.2,08-19-2018,patricia.garcia@example.com
230,Jennifer Smith,68.0,male,Los Angeles,51435.19,04-Sep-2019,jennifer.smith@example.com
231,Elizabeth Garcia,43.0,F,New York,12642.54,26-Jan-2018,elizabeth.garcia@example.com
232,Barbara Wilson,,female,New York,69904.17,21/05/2022,barbara.wilson@example.com
233,William Johnson,33.0,f,Philadelphia,39249.75,05-08-2023,william.johnson@example.com
234,Barbara Rodriguez,150.0,female,Los Angeles,28310.37,2018-11-02,barbara.rodriguez@example.com
235,Linda Williams,52.0,F,San Antonio,57829.75,10-03-2021,linda.williams@example.com
236,William Gonzalez,61.0,Female,Phoenix,63496.67,2018-07-29,william.gonzalez@example.com
237,Mary Brown,28.0,F,Houston,76400.82,05-27-2022,mary.brown@example.com
238,Robert Anderson,,Male,Philadelphia,54099.98,07-Oct-2022,robert.anderson@example.com
239,Jessica Hernandez,60.0,Female,Chicago,62851.32,09-Jan-2022,jessica.hernandez@example.com
240,Michael Anderson,35.0,F,Houston,38458.63,11-16-2018,michael.anderson@example.com
241,Michael Lopez,,male,San Antonio,20422.25,2021-03-16,michael.lopez@example.com
242,Jessica Martinez,74.0,m,Philadelphia,55965.66,11-Feb-2020,jessica.martinez@example.com
243,John Brown,50.0,female,Phoenix,39653.94,08-May-2020,john.brown@example.com
244,Richard Lopez,27.0,F,Chicago,51096.04,16/03/2019,richard.lopez@example.com
245,John Brown,59.0,M,New York,62076.67,2019-11-01,john.brown@example.com
246,Jessica Martinez,21.0,female,Philadelphia,69708.35,2021-11-12,jessica.martinez@example.com
247,William Wilson,44.0,M,Philadelphia,47550.3,15/05/2020,william.wilson@example.com
248,Barbara Johnson,65.0,male,Chicago,56450.12,19-Feb-2022,barbara.johnson@example.com
249,Joseph Anderson,22.0,Male,Phoenix,55576.27,2021-06-09,joseph.anderson@example.com
250,Joseph Miller,34.0,m,Chicago,70901.88,06-Apr-2023,joseph.miller@example.com
251,Elizabeth Johnson,59.0,Male,New York,59501.71,05-13-2023,elizabeth.johnson@example.com
252,Susan Johnson,38.0,m,Chicago,59454.17,22/04/2021,
253,Patricia Brown,39.0,m,Phoenix,142257.2,2021-06-03,patricia.brown@example.com
254,Thomas Rodriguez,72.0,m,New York,57590.68,08-01-2019,thomas.rodriguez@example.com
255,William Gonzalez,75.0,male,Houston,21255.53,01-22-2022,william.gonzalez@example.com
256,Mary Martinez,21.0,Male,Phoenix,55492.3,17-Aug-2019,mary.martinez@example.com
257,Barbara Williams,57.0,Female,Philadelphia,63896.92,04-Mar-2023,barbara.williams@example.com
258,William Jones,55.0,male,Los Angeles,69040.18,29-Jan-2022,william.jones@example.com
259,Thomas Wilson,73.0,female,Los Angeles,63384.17,2021-08-04,thomas.wilson@example.com
260,Susan Anderson,51.0,M,Los Angeles,79179.17,01/03/2019,susan.anderson@example.com
261,Linda Johnson,73.0,female,San Antonio,56748.4,18-Jul-2018,linda.johnson@example.com
262,William Lopez,23.0,male,San Antonio,33775.81,05-Mar-2018,william.lopez@example.com
263,Jessica Wilson,,m,New York,45010.6,2021-08-16,jessica.wilson@example.com
264,Michael Hernandez,49.0,male,Los Angeles,53505.84,12-05-2019,michael.hernandez@example.com
265,Richard Williams,24.0,f,New York,143727.31,15-Oct-2018,richard.williams@example.com
266,Elizabeth Williams,19.0,f,Phoenix,83452.56,02-01-2021,elizabeth.williams@example.com
267,Thomas Garcia,32.0,m,Los Angeles,33333.58,2020-02-07,
268,Linda Smith,28.0,female,Philadelphia,76334.0,04-09-2019,linda.smith@example.com
269,Jessica Williams,70.0,male,Philadelphia,43569.63,2021-01-14,jessica.williams@example.com
270,Richard Rodriguez,56.0,m,New York,75448.35,06-21-2020,richard.rodriguez@example.com
271,David Wilson,,m,Chicago,46881.09,20/02/2019,david.wilson@example.com
272,Patricia Williams,35.0,m,Philadelphia,71684.36,2023-03-05,patricia.williams@example.com
273,Elizabeth Rodriguez,25.0,Male,New York,76929.63,23/03/2018,elizabeth.rodriguez@example.com
274,John Jones,36.0,female,Chicago,65967.32,14-Oct-2019,john.jones@example.com
275,John Hernandez,,Male,Houston,63885.78,01/04/2020,john.hernandez@example.com
276,Patricia Davis,34.0,m,Los Angeles,34952.19,31/12/2021,patricia.davis@example.com
277,Mary Miller,21.0,F,Houston,70225.22,18-Nov-2019,mary.miller@example.com
278,Linda Miller,-5.0,M,Los Angeles,27381.67,06-Sep-2022,linda.miller@example.com
279,Jennifer Wilson,67.0,Male,San Antonio,55071.0,26-Jan-2021,jennifer.wilson@example.com
280,Mary Martinez,200.0,f,Phoenix,57740.22,06-03-2019,mary.martinez@example.com
281,Susan Williams,,f,Chicago,49338.71,17/09/2021,susan.williams@example.com
282,Patricia Martinez,66.0,F,Phoenix,35136.5,18/12/2018,patricia.martinez@example.com
283,Patricia Miller,63.0,m,Chicago,57177.42,2020-08-27,
284,Michael Rodriguez,23.0,male,Phoenix,44312.08,10-08-2018,michael.rodriguez@example.com
285,Thomas Davis,75.0,m,New York,35130.38,07-04-2018,thomas.davis@example.com
286,Elizabeth Rodriguez,45.0,f,Houston,52076.78,05-02-2021,elizabeth.rodriguez@example.com
287,Joseph Hernandez,38.0,female,Houston,51877.23,01/02/2021,joseph.hernandez@example.com
288,William Johnson,39.0,F,Phoenix,58788.67,26-Jan-2018,william.johnson@example.com
289,Robert Davis,47.0,Male,San Antonio,13577.24,2019-10-13,robert.davis@example.com
290,William Martinez,55.0,Male,Chicago,77943.69,31-Dec-2018,william.martinez@example.com
291,Elizabeth Jones,52.0,m,Philadelphia,59254.55,01/08/2020,elizabeth.jones@example.com
292,William Lopez,71.0,Female,San Antonio,,2018-08-15,william.lopez@example.com
293,Elizabeth Gonzalez,31.0,m,San Antonio,84347.81,03-28-2018,elizabeth.gonzalez@example.com
294,Jessica Jones,52.0,M,Philadelphia,,2019-10-19,jessica.jones@example.com
295,Joseph Garcia,,F,Philadelphia,58354.12,28/10/2018,joseph.garcia@example.com
296,John Martinez,24.0,female,Houston,50680.24,21/04/2021,john.martinez@example.com
297,Linda Gonzalez,30.0,m,Houston,54187.15,30/06/2020,linda.gonzalez@example.com
298,Robert Miller,73.0,M,Houston,49467.72,2022-10-16,robert.miller@example.com
299,Thomas Johnson,73.0,F,Houston,65916.69,31/07/2018,thomas.johnson@example.com
300,William Lopez,74.0,M,New York,36359.02,18-Feb-2022,william.lopez@example.com
301,Patricia Martinez,70.0,Male,Phoenix,61112.74,01-20-2019,patricia.martinez@example.com
302,Joseph Brown,31.0,Male,Los Angeles,33475.55,06-21-2019,joseph.brown@example.com
303,Michael Davis,-5.0,f,Phoenix,67161.52,2019-05-14,michael.davis@example.com
304,Elizabeth Miller,41.0,M,Chicago,45178.12,30/08/2020,elizabeth.miller@example.com
305,Mary Jones,74.0,f,Houston,,04-20-2022,mary.jones@example.com
306,David Hernandez,20.0,M,New York,66827.57,07/06/2020,david.hernandez@example.com
307,Thomas Martinez,18.0,f,San Antonio,46153.56,30/06/2018,thomas.martinez@example.com
308,Michael Gonzalez,18.0,M,San Antonio,59523.17,01-09-2020,michael.gonzalez@example.com
309,Mary Williams,24.0,f,Phoenix,,08/02/2018,mary.williams@example.com
310,Thomas Davis,23.0,Male,Philadelphia,56858.21,27-Jun-2019,thomas.davis@example.com
311,David Brown,31.0,m,Houston,53664.03,05-19-2021,david.brown@example.com
312,Linda Gonzalez,47.0,male,Los Angeles,38170.56,22/05/2018,linda.gonzalez@example.com
313,Susan Garcia,20.0,Male,Houston,181992.65,2019-05-05,susan.garcia@example.com
314,Elizabeth Miller,25.0,f,Chicago,47212.94,2018-05-15,elizabeth.miller@example.com
315,Barbara Rodriguez,30.0,F,Chicago,69596.4,03-13-2018,barbara.rodriguez@example.com
316,William Miller,36.0,m,Chicago,53884.38,2023-03-03,william.miller@example.com
317,Jessica Williams,74.0,Male,Phoenix,64339.44,30-Oct-2022,jessica.williams@example.com
318,Jessica Gonzalez,74.0,male,Los Angeles,43861.7,2022-05-01,jessica.gonzalez@example.com
319,Mary Davis,31.0,f,San Antonio,,06-15-2019,mary.davis@example.com
320,Richard Anderson,58.0,M,Los Angeles,44863.37,2023-01-09,richard.anderson@example.com
321,Barbara Jones,41.0,M,Chicago,80765.95,24/06/2020,barbara.jones@example.com
322,Linda Lopez,50.0,Male,New York,39034.25,20-Apr-2018,linda.lopez@example.com
323,Mary Hernandez,73.0,Female,Chicago,153136.88,13-Jul-2021,mary.hernandez@example.com
324,Linda Martinez,,f,Los Angeles,,27/03/2023,linda.martinez@example.com
325,Richard Hernandez,35.0,male,Chicago,151462.87,05-Aug-2022,richard.hernandez@example.com
326,Linda Gonzalez,32.0,m,Phoenix,41724.33,15/08/2022,linda.gonzalez@example.com
327,Linda Gonzalez,34.0,female,New York,20675.27,26-Dec-2019,linda.gonzalez@example.com
328,Patricia Brown,21.0,Male,New York,,07-30-2022,patricia.brown@example.com
329,Mary Rodriguez,44.0,m,San Antonio,,07/07/2021,mary.rodriguez@example.com
330,Robert Davis,38.0,m,New York,27192.91,10-20-2018,robert.davis@example.com
331,Patricia Williams,54.0,m,Houston,35770.63,2022-03-17,patricia.williams@example.com
332,Mary Garcia,51.0,F,San Antonio,44832.11,04-24-2021,mary.garcia@example.com
333,John Wilson,75.0,M,Phoenix,37350.41,07-31-2018,john.wilson@example.com
334,David Hernandez,50.0,f,Chicago,43214.33,01-12-2020,david.hernandez@example.com
335,Richard Smith,39.0,Female,Phoenix,32973.87,28/11/2018,richard.smith@example.com
336,William Smith,75.0,f,New York,,03/12/2022,william.smith@example.com
337,Jennifer Miller,46.0,female,Houston,,25-Oct-2019,jennifer.miller@example.com
338,Linda Johnson,56.0,m,Philadelphia,56624.04,30/06/2022,linda.johnson@example.com
339,Patricia Williams,21.0,m,San Antonio,51125.26,12/06/2019,patricia.williams@example.com
340,William Martinez,,m,San Antonio,71236.1,26/02/2019,william.martinez@example.com
341,Barbara Wilson,,F,New York,26960.8,07-10-2021,barbara.wilson@example.com
342,Barbara Gonzalez,71.0,m,San Antonio,85436.08,13-Feb-2019,barbara.gonzalez@example.com
343,Michael Smith,41.0,female,Phoenix,75194.34,28-Nov-2019,michael.smith@example.com
344,Barbara Rodriguez,32.0,female,Phoenix,,30/05/2020,
345,Robert Gonzalez,45.0,Male,Philadelphia,48533.63,04-Feb-2022,robert.gonzalez@example.com
346,Susan Anderson,62.0,F,New York,47037.19,27-Feb-2022,susan.anderson@example.com
347,John Anderson,61.0,female,Houston,56528.57,2023-04-23,john.anderson@example.com
348,Thomas Rodriguez,29.0,M,Philadelphia,66995.35,23/02/2018,thomas.rodriguez@example.com
349,David Hernandez,45.0,f,Houston,60068.95,03-06-2021,david.hernandez@example.com
350,Richard Lopez,38.0,Male,Chicago,44605.46,30/06/2021,richard.lopez@example.com
351,Michael Wilson,,f,Los Angeles,53956.1,2021-09-06,michael.wilson@example.com
352,Richard Johnson,38.0,male,Los Angeles,66772.85,02/12/2022,richard.johnson@example.com
353,Mary Miller,33.0,m,Los Angeles,46108.16,02/08/2021,mary.miller@example.com
354,Mary Brown,20.0,female,San Antonio,37406.25,2022-03-16,mary.brown@example.com
355,Joseph Wilson,39.0,female,New York,,2019-07-28,joseph.wilson@example.com
356,Susan Garcia,34.0,female,Houston,147182.98,10/10/2021,susan.garcia@example.com
357,William Martinez,30.0,female,Chicago,142923.38,07-24-2020,william.martinez@example.com
358,Michael Wilson,61.0,f,Los Angeles,81492.41,20-Nov-2020,michael.wilson@example.com
359,Elizabeth Davis,18.0,Male,Los Angeles,62347.33,21-Jul-2022,elizabeth.davis@example.com
360,Richard Hernandez,53.0,f,Phoenix,,09-Mar-2022,richard.hernandez@example.com
361,Elizabeth Williams,43.0,f,New York,45618.57,04-02-2020,elizabeth.williams@example.com
362,William Johnson,19.0,male,San Antonio,74401.55,06-18-2020,william.johnson@example.com
363,Joseph Miller,42.0,Male,Chicago,,23-Dec-2021,joseph.miller@example.com
364,Thomas Rodriguez,48.0,M,Phoenix,30233.87,19-Feb-2019,thomas.rodriguez@example.com
365,John Rodriguez,26.0,male,New York,64546.19,09/01/2019,john.rodriguez@example.com
366,Mary Jones,39.0,Male,Phoenix,35526.87,07/01/2022,mary.jones@example.com
367,Michael Miller,57.0,Male,Philadelphia,28518.39,06-01-2021,michael.miller@example.com
368,Michael Johnson,57.0,M,Philadelphia,,03-18-2022,michael.johnson@example.com
369,Patricia Martinez,24.0,M,Chicago,54263.12,2018-02-08,patricia.martinez@example.com
370,Thomas Hernandez,69.0,f,Chicago,34697.99,22-Dec-2022,thomas.hernandez@example.com
371,Thomas Gonzalez,61.0,Male,San Antonio,,09-30-2022,thomas.gonzalez@example.com
372,Robert Hernandez,29.0,female,Philadelphia,60070.76,12-18-2018,robert.hernandez@example.com
373,Jessica Johnson,49.0,female,Los Angeles,49430.32,2018-05-05,jessica.johnson@example.com
374,Michael Martinez,73.0,f,Chicago,61232.54,2021-05-05,michael.martinez@example.com
375,David Rodriguez,19.0,Male,Philadelphia,69082.78,2019-06-20,david.rodriguez@example.com
376,David Gonzalez,150.0,Female,Chicago,,22/11/2022,david.gonzalez@example.com
377,Michael Hernandez,69.0,M,Phoenix,70465.53,12/01/2019,michael.hernandez@example.com
378,Robert Anderson,63.0,Female,Los Angeles,64556.69,2018-08-18,
379,John Johnson,47.0,f,Houston,137798.2,2018-12-27,john.johnson@example.com
380,John Lopez,30.0,female,Houston,63520.93,05-Aug-2022,john.lopez@example.com
381,Robert Gonzalez,68.0,F,Philadelphia,28679.14,14-Oct-2020,robert.gonzalez@example.com
382,Jessica Wilson,150.0,female,Los Angeles,49972.19,2021-09-07,jessica.wilson@example.com
383,Susan Anderson,62.0,male,Los Angeles,30725.96,2023-01-31,susan.anderson@example.com
384,John Miller,47.0,m,San Antonio,49433.28,2022-05-30,john.miller@example.com
385,Robert Rodriguez,67.0,male,Houston,53030.87,01-11-2023,robert.rodriguez@example.com
386,David Smith,,f,Phoenix,59497.13,11-Feb-2022,david.smith@example.com
387,Robert Martinez,22.0,Female,Houston,,06-Feb-2021,robert.martinez@example.com
388,William Martinez,55.0,M,Phoenix,51655.75,08-16-2020,william.martinez@example.com
389,Mary Miller,23.0,Male,New York,74683.93,04/07/2019,mary.miller@example.com
390,Richard Miller,37.0,male,Phoenix,59680.81,2021-10-05,richard.miller@example.com
391,Thomas Hernandez,24.0,Male,Houston,41060.14,2023-02-16,thomas.hernandez@example.com
392,Linda Martinez,34.0,male,Los Angeles,55938.65,2019-02-20,linda.martinez@example.com
393,Elizabeth Miller,43.0,M,New York,59665.16,03-02-2023,elizabeth.miller@example.com
394,John Gonzalez,,M,Houston,51591.21,2021-04-15,john.gonzalez@example.com
395,Jennifer Wilson,,Male,Phoenix,61668.2,27/04/2021,jennifer.wilson@example.com
396,Elizabeth Smith,69.0,Male,San Antonio,77504.78,18-Jun-2023,elizabeth.smith@example.com
397,John Hernandez,56.0,female,Los Angeles,,2021-08-22,john.hernandez@example.com
398,Elizabeth Gonzalez,39.0,f,New York,62948.42,18/02/2022,elizabeth.gonzalez@example.com
399,Linda Brown,28.0,M,New York,54254.92,29-Jul-2022,linda.brown@example.com
400,David Hernandez,,m,Chicago,53014.34,08-Aug-2019,david.hernandez@example.com
401,Barbara Lopez,65.0,Female,Phoenix,40859.91,2022-08-26,barbara.lopez@example.com
402,John Williams,,f,New York,,21-Mar-2023,john.williams@example.com
403,Patricia Davis,67.0,male,Los Angeles,68419.2,04-Oct-2019,patricia.davis@example.com
404,Patricia Williams,24.0,m,Los Angeles,154194.44,06-16-2022,patricia.williams@example.com
405,Joseph Gonzalez,150.0,Male,Houston,41146.83,30/10/2019,joseph.gonzalez@example.com
406,Barbara Hernandez,19.0,M,San Antonio,171838.78,11-Nov-2020,barbara.hernandez@example.com
407,David Williams,54.0,m,Los Angeles,47707.34,08-06-2021,david.williams@example.com
408,Susan Wilson,63.0,F,Philadelphia,52426.78,16/05/2023,susan.wilson@example.com
409,Robert Gonzalez,43.0,Female,Houston,73094.23,2018-01-13,robert.gonzalez@example.com
410,Richard Gonzalez,56.0,F,Houston,34879.52,02-22-2018,richard.gonzalez@example.com
411,Jessica Gonzalez,65.0,M,Chicago,49822.97,2018-07-25,jessica.gonzalez@example.com
412,Michael Wilson,,Male,Los Angeles,51385.69,25/08/2019,michael.wilson@example.com
413,Barbara Jones,30.0,female,Los Angeles,50504.33,11-11-2018,barbara.jones@example.com
414,Thomas Brown,74.0,M,New York,82566.92,04-Nov-2022,thomas.brown@example.com
415,Joseph Miller,55.0,female,Philadelphia,63096.08,04-23-2018,joseph.miller@example.com
416,John Williams,,female,Philadelphia,59616.37,09-11-2021,john.williams@example.com
417,Linda Martinez,,M,San Antonio,60287.22,2019-10-26,linda.martinez@example.com
418,Linda Garcia,74.0,Female,San Antonio,62126.82,2018-01-17,linda.garcia@example.com
419,Jennifer Williams,67.0,male,Los Angeles,61312.01,11-06-2021,jennifer.williams@example.com
420,William Rodriguez,21.0,M,Philadelphia,58442.2,10-27-2021,william.rodriguez@example.com
421,Richard Williams,40.0,female,New York,65242.43,2018-07-23,richard.williams@example.com
422,Elizabeth Smith,56.0,Male,San Antonio,64820.59,31-Aug-2020,elizabeth.smith@example.com
423,Thomas Rodriguez,46.0,M,San Antonio,,2019-01-02,thomas.rodriguez@example.com
424,Susan Hernandez,34.0,female,Houston,45782.81,23/09/2018,susan.hernandez@example.com
425,Michael Gonzalez,63.0,F,Los Angeles,61176.95,2019-10-15,michael.gonzalez@example.com
426,Richard Lopez,68.0,male,San Antonio,144397.86,24-Dec-2018,richard.lopez@example.com
427,Mary Wilson,24.0,F,San Antonio,62492.54,11/03/2018,mary.wilson@example.com
428,Linda Lopez,62.0,female,New York,66816.98,11-May-2021,linda.lopez@example.com
429,Barbara Brown,75.0,female,Houston,73966.65,11/06/2019,barbara.brown@example.com
430,Mary Jones,34.0,F,Philadelphia,,11/03/2018,mary.jones@example.com
431,Susan Miller,75.0,male,Houston,48128.1,2021-08-30,
432,Thomas Hernandez,53.0,M,Houston,28095.27,13-Oct-2018,thomas.hernandez@example.com
433,Jessica Johnson,42.0,Female,Chicago,68561.78,05-18-2018,jessica.johnson@example.com
434,Elizabeth Davis,200.0,Male,Chicago,53753.32,2020-08-12,elizabeth.davis@example.com
435,David Garcia,33.0,Female,New York,45797.15,18/09/2020,david.garcia@example.com
436,Barbara Lopez,38.0,m,San Antonio,,12-26-2020,barbara.lopez@example.com
437,Barbara Jones,74.0,Male,San Antonio,21794.95,24-Aug-2022,barbara.jones@example.com
438,Richard Hernandez,,Female,Phoenix,,21/03/2021,richard.hernandez@example.com
439,Mary Davis,45.0,male,Houston,171515.25,01-12-2019,mary.davis@example.com
440,William Jones,45.0,m,New York,45673.16,2018-06-26,william.jones@example.com
441,Jennifer Martinez,56.0,M,Los Angeles,55217.33,2019-03-13,jennifer.martinez@example.com
442,Barbara Brown,45.0,F,Houston,70395.57,12/03/2021,barbara.brown@example.com
443,David Anderson,27.0,f,Los Angeles,46457.92,15/06/2021,david.anderson@example.com
444,David Garcia,37.0,f,Houston,50899.26,2021-07-29,david.garcia@example.com
445,Susan Davis,57.0,female,Philadelphia,25720.33,22-Jan-2018,susan.davis@example.com
446,John Williams,34.0,f,Phoenix,54803.14,02/03/2020,john.williams@example.com
447,Barbara Lopez,43.0,Female,New York,74448.64,07-Sep-2019,barbara.lopez@example.com
448,Susan Wilson,45.0,Male,Los Angeles,59379.76,09/11/2020,susan.wilson@example.com
449,Jennifer Garcia,-5.0,Female,San Antonio,53511.86,10-Sep-2022,jennifer.garcia@example.com
450,John Gonzalez,22.0,F,Phoenix,171449.4,26/05/2021,john.gonzalez@example.com
451,Robert Smith,48.0,m,Phoenix,66579.66,2023-02-03,robert.smith@example.com
452,Linda Garcia,28.0,female,Chicago,40131.07,2023-01-13,linda.garcia@example.com
453,William Gonzalez,43.0,male,Phoenix,79760.5,2022-02-06,william.gonzalez@example.com
454,Jessica Jones,68.0,male,New York,62295.03,06-04-2021,jessica.jones@example.com
455,Mary Rodriguez,24.0,Female,Houston,65598.3,06-Oct-2020,mary.rodriguez@example.com
456,Richard Williams,21.0,Male,Chicago,80357.89,07/02/2023,
457,Barbara Brown,49.0,male,Chicago,58835.57,12-Nov-2022,barbara.brown@example.com
458,Jessica Davis,26.0,M,Phoenix,63588.59,28/04/2019,jessica.davis@example.com
459,John Johnson,32.0,male,Chicago,167484.89,2020-03-12,john.johnson@example.com
460,Jennifer Wilson,34.0,m,Chicago,53367.19,2019-06-12,jennifer.wilson@example.com
461,Elizabeth Rodriguez,55.0,m,Phoenix,71874.32,2020-09-24,elizabeth.rodriguez@example.com
462,William Jones,63.0,Male,Houston,,2021-02-06,william.jones@example.com
463,John Hernandez,47.0,m,Chicago,26502.08,20/07/2018,john.hernandez@example.com
464,Joseph Brown,68.0,F,Philadelphia,,06-22-2023,joseph.brown@example.com
465,Barbara Rodriguez,35.0,M,New York,54542.37,07-24-2018,barbara.rodriguez@example.com
466,David Williams,25.0,F,New York,41751.59,05-24-2020,david.williams@example.com
467,Richard Miller,40.0,F,New York,53862.79,01-24-2020,richard.miller@example.com
468,Mary Wilson,,Female,Phoenix,47526.64,04-18-2021,mary.wilson@example.com
469,Robert Martinez,,m,Philadelphia,43166.15,05-11-2022,robert.martinez@example.com
470,Robert Davis,,m,Houston,79297.05,2021-04-27,robert.davis@example.com
471,Barbara Johnson,47.0,Female,Houston,80192.79,25-Feb-2023,barbara.johnson@example.com
472,Richard Lopez,73.0,f,Houston,68991.25,08-May-2020,richard.lopez@example.com
473,Linda Johnson,69.0,F,Chicago,69903.14,28/09/2022,linda.johnson@example.com
474,Patricia Hernandez,71.0,male,Philadelphia,60236.63,24/04/2022,patricia.hernandez@example.com
475,Robert Jones,46.0,m,Philadelphia,37050.66,23/06/2022,robert.jones@example.com
476,Thomas Miller,38.0,M,Phoenix,46473.16,2019-04-10,thomas.miller@example.com
477,Mary Brown,,m,New York,51809.01,13-Jan-2019,mary.brown@example.com
478,John Johnson,48.0,Female,Phoenix,61946.62,09-23-2021,john.johnson@example.com
479,Patricia Rodriguez,26.0,female,San Antonio,48921.58,02-27-2018,patricia.rodriguez@example.com
480,Thomas Hernandez,20.0,F,Los Angeles,,06-13-2019,thomas.hernandez@example.com
481,Linda Wilson,60.0,f,Los Angeles,29749.05,07-Feb-2018,linda.wilson@example.com
482,William Wilson,37.0,male,Philadelphia,52242.85,02-Aug-2018,william.wilson@example.com
483,Barbara Anderson,,f,Chicago,,03-23-2022,barbara.anderson@example.com
484,Joseph Brown,22.0,f,Phoenix,64870.31,29-Aug-2022,joseph.brown@example.com
485,Jennifer Williams,36.0,female,Phoenix,44141.73,01-07-2021,jennifer.williams@example.com
486,Robert Brown,150.0,M,New York,59837.77,2018-07-26,robert.brown@example.com
487,Jessica Miller,68.0,male,Los Angeles,47891.53,2019-11-10,jessica.miller@example.com
488,Susan Lopez,58.0,f,New York,27513.61,21-May-2021,
489,Linda Jones,69.0,Female,New York,42548.09,27-Jan-2019,linda.jones@example.com
490,Joseph Miller,24.0,f,New York,51358.76,04-Mar-2019,joseph.miller@example.com
491,Mary Davis,20.0,m,Phoenix,82900.84,08-Apr-2020,mary.davis@example.com
492,Robert Anderson,41.0,F,Phoenix,,03-09-2022,robert.anderson@example.com
493,Linda Williams,20.0,F,Los Angeles,81739.44,11/02/2021,linda.williams@example.com
494,Richard Davis,49.0,f,Chicago,65459.41,2023-05-22,richard.davis@example.com
495,Richard Wilson,,M,Phoenix,32627.09,11-04-2022,richard.wilson@example.com
496,Richard Johnson,52.0,M,Chicago,75893.91,08-27-2020,richard.johnson@example.com
497,David Anderson,,female,Houston,62524.36,22-Sep-2020,
498,Barbara Martinez,,male,Los Angeles,,04/11/2019,barbara.martinez@example.com
499,Jessica Wilson,30.0,female,Phoenix,26855.1,02-08-2021,jessica.wilson@example.com
500,Mary Davis,27.0,female,Houston,52092.16,2021-05-12,mary.davis@example.com
501,Richard Brown,63.0,M,New York,63942.11,04-17-2020,
502,Linda Garcia,69.0,F,Chicago,,09-08-2022,linda.garcia@example.com
503,Thomas Davis,58.0,Female,Phoenix,57390.36,21-Apr-2018,thomas.davis@example.com
504,William Lopez,71.0,Female,San Antonio,,2018-08-15,william.lopez@example.com
505,David Martinez,200.0,Male,Los Angeles,67611.0,06/01/2019,david.martinez@example.com
506,Linda Miller,38.0,female,Philadelphia,58471.9,2021-09-03,linda.miller@example.com
507,Mary Brown,44.0,F,New York,58869.59,26-Mar-2018,mary.brown@example.com
508,Elizabeth Johnson,46.0,male,Los Angeles,51257.73,2019-10-27,elizabeth.johnson@example.com
509,Patricia Gonzalez,63.0,male,Los Angeles,69593.39,11-30-2018,patricia.gonzalez@example.com
510,Barbara Smith,34.0,Male,Chicago,83528.92,10-13-2019,barbara.smith@example.com
511,Jessica Martinez,32.0,f,Philadelphia,,03/05/2021,jessica.martinez@example.com
512,Michael Garcia,200.0,male,Chicago,40842.57,04/03/2023,michael.garcia@example.com
513,Susan Wilson,50.0,male,Phoenix,70740.95,23-Nov-2022,susan.wilson@example.com
514,Robert Rodriguez,65.0,Female,Philadelphia,49791.94,10-25-2018,
515,William Johnson,71.0,M,Houston,92662.17,01-01-2018,william.johnson@example.com
516,Barbara Johnson,,f,Chicago,45029.27,2018-01-23,barbara.johnson@example.com
517,Susan Gonzalez,37.0,Female,New York,20628.7,31-Aug-2020,susan.gonzalez@example.com
518,David Wilson,66.0,M,Philadelphia,62382.17,17-Dec-2021,david.wilson@example.com
519,Jessica Brown,46.0,M,Chicago,52107.17,2020-08-29,jessica.brown@example.com
520,Jessica Wilson,65.0,m,New York,66719.53,2022-05-03,jessica.wilson@example.com
521,Susan Garcia,,Female,New York,60873.19,06-18-2018,susan.garcia@example.com
522,Linda Hernandez,,female,Houston,64978.06,30/01/2020,linda.hernandez@example.com
523,Michael Lopez,36.0,f,Philadelphia,44551.13,2019-06-05,michael.lopez@example.com
524,Barbara Johnson,47.0,Male,Chicago,53380.18,09-Apr-2023,barbara.johnson@example.com
525,Linda Miller,58.0,f,San Antonio,45278.42,2018-01-14,linda.miller@example.com
526,Jennifer Williams,47.0,Male,Chicago,32536.18,01-Sep-2022,jennifer.williams@example.com
527,William Williams,51.0,female,Phoenix,63488.24,2019-09-07,william.williams@example.com
528,Michael Rodriguez,49.0,M,Phoenix,,02-19-2019,michael.rodriguez@example.com
529,Joseph Smith,28.0,M,Phoenix,37942.95,07-07-2019,joseph.smith@example.com
530,Michael Anderson,55.0,M,Philadelphia,51552.94,27-Jan-2021,michael.anderson@example.com
531,Joseph Brown,75.0,Male,Phoenix,70314.54,10-14-2019,joseph.brown@example.com
532,Barbara Davis,26.0,Male,Phoenix,44895.32,10-Jul-2022,barbara.davis@example.com
533,William Martinez,48.0,m,Chicago,52729.02,03-01-2019,
534,William Jones,,male,Phoenix,,11-20-2022,william.jones@example.com
535,Thomas Brown,28.0,m,Los Angeles,58201.19,01-25-2022,thomas.brown@example.com
536,Linda Garcia,63.0,F,New York,46183.68,10-07-2021,linda.garcia@example.com
537,Richard Miller,70.0,F,Los Angeles,54713.4,02-02-2021,richard.miller@example.com
538,Patricia Jones,20.0,M,Philadelphia,57743.51,04-15-2023,patricia.jones@example.com
539,Joseph Brown,35.0,male,Los Angeles,56829.98,25/03/2022,joseph.brown@example.com
540,Mary Lopez,54.0,Male,New York,55731.55,2019-06-13,mary.lopez@example.com
541,William Garcia,64.0,Female,Chicago,36936.7,2020-06-21,william.garcia@example.com
542,Jennifer Jones,62.0,m,Los Angeles,69463.01,2021-07-27,jennifer.jones@example.com
543,Joseph Martinez,28.0,male,Chicago,28468.42,06-01-2019,joseph.martinez@example.com
544,Jessica Hernandez,63.0,Male,Phoenix,52495.75,09-30-2018,jessica.hernandez@example.com
545,Jennifer Johnson,24.0,male,Phoenix,46469.2,12/04/2023,jennifer.johnson@example.com
546,John Rodriguez,26.0,male,New York,64546.19,09/01/2019,john.rodriguez@example.com
547,David Lopez,21.0,Female,New York,44242.93,05-25-2018,david.lopez@example.com
548,Joseph Williams,69.0,Male,Houston,73289.78,2019-02-04,joseph.williams@example.com
549,Jessica Davis,41.0,M,Phoenix,71075.27,03-19-2023,jessica.davis@example.com
550,Mary Martinez,39.0,f,Houston,37900.91,2021-08-15,mary.martinez@example.com
551,William Williams,53.0,female,Phoenix,39398.03,2021-05-17,william.williams@example.com
552,David Wilson,51.0,Female,Los Angeles,42038.6,05-17-2023,david.wilson@example.com
553,Linda Jones,21.0,male,Phoenix,77870.02,2022-04-29,linda.jones@example.com
554,Mary Miller,29.0,F,Chicago,20511.27,13/01/2020,mary.miller@example.com
555,Jennifer Johnson,40.0,female,Philadelphia,46205.97,2023-05-14,jennifer.johnson@example.com
556,Susan Smith,31.0,female,Los Angeles,43764.01,04/12/2020,susan.smith@example.com
557,Joseph Wilson,28.0,f,Los Angeles,64069.47,2021-06-05,joseph.wilson@example.com
558,Susan Davis,33.0,Female,Phoenix,53215.66,19-Jul-2018,susan.davis@example.com
559,Mary Smith,32.0,M,Los Angeles,37300.27,17-Dec-2020,mary.smith@example.com
560,Barbara Lopez,27.0,F,Los Angeles,54161.99,2023-03-11,barbara.lopez@example.com
561,William Lopez,33.0,m,Phoenix,37246.93,12-12-2022,william.lopez@example.com
562,Robert Lopez,20.0,Male,Philadelphia,74886.2,19/12/2022,robert.lopez@example.com
563,William Martinez,58.0,F,Phoenix,63318.7,2018-09-09,william.martinez@example.com
564,Linda Anderson,23.0,Male,New York,57083.65,05-Oct-2019,linda.anderson@example.com
565,Patricia Johnson,23.0,Male,Houston,52059.59,24-Dec-2021,patricia.johnson@example.com
566,Joseph Gonzalez,45.0,female,Houston,68415.28,07-02-2022,joseph.gonzalez@example.com
567,Barbara Garcia,29.0,M,San Antonio,42549.26,01-29-2020,barbara.garcia@example.com
568,Joseph Lopez,18.0,female,Houston,53865.05,05-Jul-2018,joseph.lopez@example.com
569,Jennifer Johnson,36.0,f,Philadelphia,81105.19,17/08/2019,jennifer.johnson@example.com
570,Patricia Garcia,-5.0,female,Houston,,18/09/2021,patricia.garcia@example.com
571,David Anderson,22.0,m,Philadelphia,65778.35,30-Mar-2019,david.anderson@example.com
572,Linda Miller,51.0,F,Houston,39608.84,08-Sep-2020,linda.miller@example.com
573,Jessica Garcia,32.0,f,Philadelphia,47276.09,22/05/2020,jessica.garcia@example.com
574,John Martinez,64.0,Female,New York,49019.6,11/09/2022,john.martinez@example.com
575,Robert Gonzalez,35.0,m,New York,26281.9,24/12/2020,robert.gonzalez@example.com
576,Patricia Rodriguez,65.0,m,Philadelphia,34224.89,20/04/2020,patricia.rodriguez@example.com
577,Jennifer Rodriguez,,female,Philadelphia,59116.9,02-25-2018,jennifer.rodriguez@example.com
578,Jennifer Gonzalez,51.0,female,Los Angeles,69387.56,31-Oct-2021,jennifer.gonzalez@example.com
579,Jessica Williams,-5.0,m,New York,,10-24-2018,jessica.williams@example.com
580,Mary Hernandez,32.0,m,Phoenix,50175.48,2018-11-24,mary.hernandez@example.com
581,Joseph Wilson,150.0,male,New York,40059.76,08-28-2022,joseph.wilson@example.com
582,Patricia Johnson,37.0,F,Los Angeles,78137.25,03-26-2021,patricia.johnson@example.com
583,Richard Anderson,58.0,M,Los Angeles,44863.37,2023-01-09,richard.anderson@example.com
584,Richard Smith,63.0,female,New York,,08/03/2019,richard.smith@example.com
585,Thomas Hernandez,71.0,male,New York,67568.83,21/01/2022,thomas.hernandez@example.com
586,Joseph Hernandez,41.0,female,Chicago,52858.88,07/01/2019,joseph.hernandez@example.com
587,Joseph Wilson,70.0,m,Houston,,2018-06-17,joseph.wilson@example.com
588,Jennifer Hernandez,48.0,f,Chicago,42816.87,03-06-2021,jennifer.hernandez@example.com
589,Jennifer Martinez,66.0,M,San Antonio,53635.28,29/12/2022,jennifer.martinez@example.com
590,Elizabeth Anderson,,F,Los Angeles,81685.39,29-Nov-2022,elizabeth.anderson@example.com
591,Susan Garcia,37.0,female,Philadelphia,37308.93,24/06/2018,susan.garcia@example.com
592,Jennifer Miller,58.0,Female,New York,94578.08,06-01-2022,jennifer.miller@example.com
593,Richard Garcia,32.0,male,Chicago,72556.92,2022-07-15,richard.garcia@example.com
594,David Johnson,,Male,Los Angeles,52965.33,2021-01-02,david.johnson@example.com
595,John Hernandez,30.0,Female,Chicago,64340.24,02-26-2022,john.hernandez@example.com
596,Susan Rodriguez,,male,Philadelphia,53821.6,09-Jul-2018,susan.rodriguez@example.com
597,Susan Anderson,44.0,Male,Phoenix,68998.65,06/05/2023,susan.anderson@example.com
598,Robert Brown,30.0,female,Los Angeles,77549.78,06-27-2019,robert.brown@example.com
599,Patricia Miller,49.0,female,New York,35760.84,12-Oct-2020,patricia.miller@example.com
600,Thomas Lopez,66.0,m,San Antonio,63983.32,01-26-2019,thomas.lopez@example.com
601,Susan Gonzalez,37.0,Female,New York,20628.7,31-Aug-2020,susan.gonzalez@example.com
602,Susan Garcia,38.0,f,New York,178786.48,27/02/2021,susan.garcia@example.com
603,Thomas Martinez,58.0,m,San Antonio,62886.31,07-10-2019,thomas.martinez@example.com
604,William Miller,,F,Philadelphia,40789.78,07-18-2021,william.miller@example.com
605,Patricia Davis,55.0,M,Houston,25870.3,11-22-2022,patricia.davis@example.com
606,Susan Garcia,19.0,Male,Houston,41855.16,31-Aug-2021,susan.garcia@example.com
607,Jessica Rodriguez,39.0,f,Los Angeles,49248.65,2019-05-15,jessica.rodriguez@example.com
608,John Davis,19.0,f,Phoenix,57315.17,2022-10-27,john.davis@example.com
609,Linda Davis,,f,Chicago,76573.59,2019-02-10,linda.davis@example.com
610,Jessica Gonzalez,69.0,M,Los Angeles,88899.2,31-Mar-2018,jessica.gonzalez@example.com
611,Jennifer Johnson,24.0,male,Phoenix,46469.2,12/04/2023,jennifer.johnson@example.com
612,Thomas Hernandez,68.0,Male,Philadelphia,60461.94,12-May-2020,thomas.hernandez@example.com
613,William Williams,32.0,male,New York,74698.88,12-09-2022,william.williams@example.com
614,Patricia Smith,20.0,m,Houston,45899.77,06/09/2021,patricia.smith@example.com
615,Mary Miller,33.0,m,Los Angeles,46108.16,02/08/2021,mary.miller@example.com
616,Michael Johnson,53.0,F,Philadelphia,,2018-08-02,michael.johnson@example.com
617,William Garcia,,f,Phoenix,61574.7,2018-06-03,william.garcia@example.com
618,Linda Rodriguez,32.0,male,Phoenix,56774.49,13-Aug-2018,linda.rodriguez@example.com
619,Susan Smith,31.0,female,Los Angeles,43764.01,04/12/2020,susan.smith@example.com
620,Linda Hernandez,71.0,female,San Antonio,57448.38,07-Oct-2020,linda.hernandez@example.com
621,Robert Jones,19.0,Female,Los Angeles,34775.31,11-05-2022,robert.jones@example.com
622,William Miller,66.0,m,Chicago,37096.12,08/01/2020,william.miller@example.com
623,Patricia Hernandez,50.0,F,Los Angeles,59001.41,20/03/2023,patricia.hernandez@example.com
624,Michael Rodriguez,58.0,Male,Los Angeles,50783.38,09-05-2021,michael.rodriguez@example.com
625,Susan Wilson,63.0,F,Philadelphia,52426.78,16/05/2023,susan.wilson@example.com
626,Linda Lopez,51.0,female,Los Angeles,47185.41,01-23-2019,linda.lopez@example.com
627,Linda Rodriguez,32.0,male,Phoenix,56774.49,13-Aug-2018,linda.rodriguez@example.com
628,Mary Brown,,Male,New York,50692.63,03/04/2020,mary.brown@example.com
629,William Anderson,-5.0,Female,New York,62145.07,2018-09-07,william.anderson@example.com
630,Barbara Johnson,47.0,male,Phoenix,,20/09/2021,barbara.johnson@example.com
631,Richard Johnson,29.0,f,San Antonio,67300.18,16-Jun-2023,richard.johnson@example.com
632,Michael Anderson,21.0,Female,Houston,37985.17,2020-05-12,michael.anderson@example.com
633,Jessica Miller,57.0,f,Los Angeles,64506.78,2019-08-13,jessica.miller@example.com
634,David Wilson,25.0,f,Philadelphia,62131.89,01-20-2022,david.wilson@example.com
635,Barbara Smith,150.0,M,Phoenix,85956.93,2023-06-07,barbara.smith@example.com
636,David Martinez,39.0,female,Phoenix,49565.77,10/09/2019,david.martinez@example.com
637,Susan Williams,28.0,M,Houston,57860.1,18/05/2019,susan.williams@example.com
638,Linda Johnson,56.0,m,Philadelphia,56624.04,30/06/2022,linda.johnson@example.com
639,Mary Hernandez,200.0,M,Houston,48613.08,10-21-2020,mary.hernandez@example.com
640,Linda Gonzalez,53.0,F,New York,30891.81,07-Feb-2018,linda.gonzalez@example.com
641,Linda Jones,71.0,male,Philadelphia,42538.57,04/04/2018,linda.jones@example.com
642,Patricia Smith,44.0,F,Chicago,70053.33,06-03-2018,patricia.smith@example.com
643,Robert Jones,60.0,Male,Philadelphia,70264.87,18-Aug-2021,robert.jones@example.com
644,Linda Wilson,40.0,f,Chicago,36347.24,23/08/2021,linda.wilson@example.com
645,Joseph Brown,75.0,Male,Phoenix,70314.54,10-14-2019,joseph.brown@example.com
646,John Anderson,32.0,Female,Phoenix,,2022-02-26,john.anderson@example.com
647,Mary Williams,36.0,F,Philadelphia,66815.28,06-02-2022,mary.williams@example.com
648,Linda Smith,150.0,Female,Los Angeles,33978.63,08/10/2018,linda.smith@example.com
649,Mary Jones,26.0,M,Philadelphia,43956.26,2019-02-13,mary.jones@example.com
650,David Garcia,71.0,f,Philadelphia,43261.26,28-Nov-2018,david.garcia@example.com
651,Michael Lopez,24.0,F,Philadelphia,45189.41,12-03-2020,michael.lopez@example.com
652,Robert Lopez,72.0,M,Los Angeles,47118.55,2018-08-12,robert.lopez@example.com
653,Patricia Williams,18.0,Female,Chicago,58408.0,16-Nov-2018,patricia.williams@example.com
654,Mary Brown,33.0,m,Chicago,60346.43,2020-02-04,mary.brown@example.com
655,Joseph Miller,19.0,m,New York,57650.34,01-02-2023,joseph.miller@example.com
656,William Martinez,18.0,m,San Antonio,42889.03,04-24-2018,william.martinez@example.com
657,Patricia Davis,43.0,male,Phoenix,47451.37,10/07/2018,patricia.davis@example.com
658,Susan Miller,,m,New York,48010.94,11/09/2018,susan.miller@example.com
659,William Smith,21.0,M,Philadelphia,59645.34,02-21-2023,william.smith@example.com
660,Jennifer Hernandez,56.0,f,San Antonio,52219.59,11-14-2021,
661,William Smith,70.0,female,Phoenix,53384.99,19/05/2022,william.smith@example.com
662,Susan Hernandez,19.0,F,Los Angeles,64475.78,04-Jun-2022,susan.hernandez@example.com
663,Jennifer Rodriguez,18.0,f,San Antonio,67048.09,01-02-2023,jennifer.rodriguez@example.com
664,Mary Johnson,,m,Chicago,,25/08/2019,mary.johnson@example.com
665,Jennifer Garcia,60.0,female,Phoenix,64231.73,20/05/2020,jennifer.garcia@example.com
666,Elizabeth Rodriguez,36.0,female,Chicago,52300.2,02-07-2018,
667,John Jones,70.0,F,San Antonio,65065.02,2020-05-24,john.jones@example.com
668,Barbara Rodriguez,35.0,M,New York,54542.37,07-24-2018,barbara.rodriguez@example.com
669,Elizabeth Garcia,,f,Los Angeles,72960.88,11-Jun-2018,elizabeth.garcia@example.com
670,Patricia Johnson,75.0,Female,New York,64121.24,26/09/2020,patricia.johnson@example.com
671,Barbara Smith,18.0,M,Houston,29374.91,23-Jun-2018,barbara.smith@example.com
672,Patricia Martinez,-5.0,m,Chicago,31958.47,04-Mar-2019,patricia.martinez@example.com
673,Jessica Wilson,150.0,female,Los Angeles,49972.19,2021-09-07,jessica.wilson@example.com
674,Mary Miller,41.0,Male,Philadelphia,64586.7,13-Mar-2019,mary.miller@example.com
675,David Davis,56.0,Female,Houston,57634.83,2020-02-16,david.davis@example.com
676,Patricia Miller,40.0,Female,Philadelphia,55626.85,07-09-2022,patricia.miller@example.com
677,Robert Anderson,68.0,m,San Antonio,47570.09,26-Jan-2022,robert.anderson@example.com
678,Mary Gonzalez,69.0,Male,San Antonio,43789.16,21/04/2018,mary.gonzalez@example.com
679,Linda Miller,23.0,male,New York,,24/10/2020,linda.miller@example.com
680,Michael Miller,18.0,Female,Houston,50502.58,17/03/2021,michael.miller@example.com
681,Barbara Rodriguez,54.0,f,New York,122150.85,2018-01-21,barbara.rodriguez@example.com
682,Elizabeth Smith,,f,New York,56629.73,28-Sep-2021,elizabeth.smith@example.com
683,Joseph Johnson,32.0,female,Chicago,43966.78,29-Dec-2021,joseph.johnson@example.com
684,Thomas Smith,,m,Philadelphia,33381.89,04-30-2020,thomas.smith@example.com
685,Jessica Smith,33.0,male,Los Angeles,53096.36,2019-01-18,jessica.smith@example.com
686,Barbara Garcia,45.0,female,San Antonio,63549.6,06/02/2018,barbara.garcia@example.com
687,Thomas Williams,67.0,F,New York,79876.37,19-Jun-2022,thomas.williams@example.com
688,Linda Gonzalez,43.0,m,New York,28329.81,2022-07-04,linda.gonzalez@example.com
689,Jennifer Wilson,-5.0,F,San Antonio,68683.94,2021-12-16,jennifer.wilson@example.com
690,Elizabeth Martinez,70.0,Female,Los Angeles,52417.25,22-Jan-2019,elizabeth.martinez@example.com
691,Joseph Gonzalez,44.0,Male,Los Angeles,52775.99,03-13-2023,joseph.gonzalez@example.com
692,Jennifer Rodriguez,27.0,f,Phoenix,46114.13,08-10-2022,jennifer.rodriguez@example.com
693,Jennifer Anderson,,female,Los Angeles,36097.15,2020-02-07,jennifer.anderson@example.com
694,Patricia Smith,74.0,f,Philadelphia,,07-Apr-2021,patricia.smith@example.com
695,Susan Brown,52.0,f,New York,39511.98,09-18-2019,susan.brown@example.com
696,Susan Hernandez,45.0,M,Phoenix,39192.34,05-24-2020,susan.hernandez@example.com
697,Robert Martinez,41.0,M,Philadelphia,168916.98,08-07-2021,robert.martinez@example.com
698,John Johnson,55.0,Female,New York,61053.4,2023-06-17,john.johnson@example.com
699,Susan Lopez,69.0,Male,Philadelphia,134965.61,03-30-2019,susan.lopez@example.com
700,Mary Martinez,63.0,Female,San Antonio,42743.8,09-02-2022,mary.martinez@example.com
701,Michael Rodriguez,54.0,male,Chicago,38170.01,15-Jul-2018,michael.rodriguez@example.com
702,Joseph Brown,60.0,Male,San Antonio,53943.17,2018-03-10,joseph.brown@example.com
703,Linda Smith,19.0,female,Phoenix,61508.64,03-02-2023,
704,Joseph Smith,58.0,Male,Phoenix,59041.17,14/10/2022,joseph.smith@example.com
705,Thomas Garcia,68.0,male,New York,55030.98,11-Dec-2020,thomas.garcia@example.com
706,John Jones,36.0,female,Philadelphia,51547.33,05/06/2018,john.jones@example.com
707,Linda Garcia,45.0,Male,New York,55587.53,09-Jan-2023,linda.garcia@example.com
708,Thomas Brown,50.0,F,Philadelphia,,2019-04-14,thomas.brown@example.com
709,Susan Gonzalez,34.0,Female,Los Angeles,64437.07,2019-07-15,susan.gonzalez@example.com
710,Jennifer Martinez,66.0,f,Philadelphia,44142.01,01/06/2022,jennifer.martinez@example.com
711,Elizabeth Wilson,62.0,male,San Antonio,60276.96,21/08/2021,elizabeth.wilson@example.com
712,Joseph Johnson,57.0,male,Phoenix,68035.59,30/09/2022,joseph.johnson@example.com
713,Linda Garcia,19.0,male,Philadelphia,44438.84,29/05/2023,linda.garcia@example.com
714,Mary Brown,39.0,f,Chicago,49506.21,2019-09-20,mary.brown@example.com
715,Susan Smith,43.0,f,Los Angeles,72598.95,11-26-2021,susan.smith@example.com
716,Jennifer Williams,32.0,m,San Antonio,62579.49,06-23-2019,
717,Barbara Hernandez,23.0,M,Phoenix,,2019-07-29,barbara.hernandez@example.com
718,Susan Garcia,59.0,M,San Antonio,60655.88,2022-12-18,susan.garcia@example.com
719,John Gonzalez,29.0,m,Phoenix,48752.89,2021-02-13,john.gonzalez@example.com
720,David Wilson,31.0,Female,Chicago,66380.88,12-31-2021,david.wilson@example.com
721,Jessica Martinez,,f,Houston,38936.61,2018-10-24,jessica.martinez@example.com
722,Michael Hernandez,59.0,m,Philadelphia,54816.37,08-04-2019,michael.hernandez@example.com
723,Elizabeth Martinez,66.0,m,Chicago,59510.21,2020-03-09,elizabeth.martinez@example.com
724,Robert Garcia,200.0,female,Los Angeles,40177.22,16-Apr-2022,robert.garcia@example.com
725,Joseph Gonzalez,50.0,F,Chicago,,25-Aug-2018,joseph.gonzalez@example.com
726,Joseph Rodriguez,42.0,M,Phoenix,79809.24,2022-09-15,joseph.rodriguez@example.com
727,Thomas Rodriguez,48.0,M,Phoenix,30233.87,19-Feb-2019,thomas.rodriguez@example.com
728,William Johnson,19.0,male,San Antonio,74401.55,06-18-2020,william.johnson@example.com
729,Linda Miller,48.0,Male,Philadelphia,54770.66,06-25-2018,linda.miller@example.com
730,Patricia Jones,25.0,male,Los Angeles,45307.34,2022-05-07,patricia.jones@example.com
731,Robert Anderson,23.0,Female,Los Angeles,53041.6,2021-09-21,robert.anderson@example.com
732,William Williams,39.0,Female,Philadelphia,52726.22,06/06/2020,william.williams@example.com
733,Robert Lopez,29.0,F,San Antonio,63729.39,11-12-2019,robert.lopez@example.com
734,Barbara Hernandez,29.0,Male,Phoenix,59422.21,2022-01-22,barbara.hernandez@example.com
735,Richard Hernandez,22.0,female,Houston,68894.53,30-Oct-2021,richard.hernandez@example.com
736,John Johnson,,M,Los Angeles,49144.2,2018-03-05,john.johnson@example.com
737,Robert Jones,,m,New York,50058.79,2018-02-04,robert.jones@example.com
738,John Johnson,,male,Phoenix,71193.19,14/04/2020,john.johnson@example.com
739,Thomas Davis,66.0,Female,New York,57205.99,17/12/2022,thomas.davis@example.com
740,Barbara Martinez,61.0,f,Philadelphia,62472.99,17/05/2023,barbara.martinez@example.com
741,Jennifer Brown,,M,San Antonio,,2021-08-21,jennifer.brown@example.com
742,Linda Garcia,41.0,f,San Antonio,42907.74,01/04/2019,linda.garcia@example.com
743,Joseph Johnson,,Female,Los Angeles,62324.23,11-11-2020,joseph.johnson@example.com
744,Michael Miller,53.0,female,Phoenix,55290.42,13-Mar-2021,michael.miller@example.com
745,Jessica Williams,71.0,male,Philadelphia,45067.61,21-Nov-2020,jessica.williams@example.com
746,Joseph Martinez,39.0,Male,San Antonio,38477.51,2018-04-04,joseph.martinez@example.com
747,David Brown,,m,New York,64425.52,09-Oct-2020,david.brown@example.com
748,John Miller,,F,Phoenix,74194.68,2022-04-12,john.miller@example.com
749,Joseph Williams,47.0,F,Houston,40444.51,07-04-2018,joseph.williams@example.com
750,Jennifer Lopez,34.0,Male,San Antonio,33799.8,2023-01-13,jennifer.lopez@example.com
751,Linda Jones,19.0,f,Philadelphia,,30-Apr-2023,linda.jones@example.com
752,Jennifer Garcia,56.0,male,Houston,68367.77,24-Oct-2022,jennifer.garcia@example.com
753,Jennifer Martinez,43.0,m,Chicago,49868.24,21/05/2019,
754,Barbara Wilson,58.0,female,Phoenix,,29-Aug-2022,barbara.wilson@example.com
755,John Smith,64.0,F,Phoenix,37322.44,28-Feb-2023,john.smith@example.com
756,Richard Rodriguez,20.0,female,Chicago,60746.83,18-Nov-2019,richard.rodriguez@example.com
757,Patricia Williams,21.0,m,San Antonio,51125.26,12/06/2019,patricia.williams@example.com
758,Elizabeth Jones,,Male,Los Angeles,50579.62,19-Dec-2020,elizabeth.jones@example.com
759,Elizabeth Jones,62.0,Male,New York,56187.1,05-20-2018,
760,David Davis,62.0,f,San Antonio,57315.03,12-17-2019,david.davis@example.com
761,Patricia Anderson,59.0,Male,San Antonio,63786.77,09-20-2022,patricia.anderson@example.com
762,Patricia Rodriguez,31.0,F,San Antonio,66025.4,11-Aug-2022,patricia.rodriguez@example.com
763,Linda Martinez,68.0,m,Phoenix,81213.66,03/03/2021,linda.martinez@example.com
764,William Gonzalez,53.0,Female,Philadelphia,50370.94,2022-01-13,william.gonzalez@example.com
765,David Johnson,70.0,f,Chicago,28468.95,08-20-2019,david.johnson@example.com
766,Thomas Lopez,68.0,F,Houston,46453.68,13/12/2021,thomas.lopez@example.com
767,Robert Wilson,22.0,female,San Antonio,59637.41,2020-11-04,robert.wilson@example.com
768,John Smith,,m,Los Angeles,70839.22,2018-04-30,
769,Patricia Miller,22.0,m,New York,63031.44,2019-09-13,patricia.miller@example.com
770,Thomas Smith,,M,Philadelphia,63184.07,23/05/2022,thomas.smith@example.com
771,Robert Lopez,51.0,female,Chicago,32102.13,12-26-2020,robert.lopez@example.com
772,Richard Johnson,34.0,Female,Los Angeles,76059.99,28-Feb-2022,richard.johnson@example.com
773,Susan Hernandez,41.0,male,New York,34845.57,2019-02-16,susan.hernandez@example.com
774,John Smith,,m,Chicago,63744.55,14/05/2021,john.smith@example.com
775,Michael Davis,51.0,F,Chicago,48597.34,09-07-2020,michael.davis@example.com
776,Mary Williams,58.0,Male,Los Angeles,30378.51,28-May-2018,mary.williams@example.com
777,Susan Brown,18.0,Male,San Antonio,,16-May-2020,susan.brown@example.com
778,Elizabeth Wilson,62.0,m,Los Angeles,48345.34,22-Jan-2020,elizabeth.wilson@example.com
779,Michael Miller,67.0,male,San Antonio,37379.23,19-Jan-2023,michael.miller@example.com
780,Michael Miller,75.0,Male,San Antonio,46138.45,08-25-2019,michael.miller@example.com
781,Patricia Smith,31.0,male,Phoenix,60599.96,01-Oct-2022,patricia.smith@example.com
782,Thomas Hernandez,68.0,Male,Philadelphia,60461.94,12-May-2020,thomas.hernandez@example.com
783,Barbara Gonzalez,46.0,female,Philadelphia,40732.14,20-Jan-2023,barbara.gonzalez@example.com
784,Robert Williams,60.0,F,Los Angeles,,2020-09-12,robert.williams@example.com
785,David Martinez,,Male,Phoenix,61975.76,22/03/2021,david.martinez@example.com
786,David Davis,48.0,male,Los Angeles,,07-Dec-2021,david.davis@example.com
787,Susan Williams,60.0,m,Chicago,,19/01/2018,susan.williams@example.com
788,Elizabeth Davis,66.0,female,San Antonio,58831.42,26-May-2022,elizabeth.davis@example.com
789,Thomas Hernandez,,F,Phoenix,60642.4,12-Dec-2019,thomas.hernandez@example.com
790,Michael Lopez,57.0,male,Chicago,52340.76,21/10/2021,michael.lopez@example.com
791,Robert Wilson,54.0,Female,San Antonio,64573.79,12-27-2021,robert.wilson@example.com
792,Robert Martinez,24.0,male,Phoenix,38144.01,12-24-2018,robert.martinez@example.com
793,Elizabeth Wilson,34.0,Female,New York,46550.61,11-30-2021,elizabeth.wilson@example.com
794,Thomas Anderson,65.0,F,Philadelphia,39606.89,2023-05-13,thomas.anderson@example.com
795,Joseph Jones,72.0,female,Chicago,53008.19,01-21-2020,joseph.jones@example.com
796,Linda Gonzalez,,male,Phoenix,143996.13,12-Aug-2018,linda.gonzalez@example.com
797,Linda Williams,,F,New York,47823.73,2023-01-27,linda.williams@example.com
798,Jessica Williams,53.0,male,San Antonio,87729.39,02-28-2020,jessica.williams@example.com
799,Mary Rodriguez,63.0,M,Los Angeles,62329.38,08/12/2020,mary.rodriguez@example.com
800,Robert Williams,24.0,Male,Chicago,45983.76,04/10/2021,robert.williams@example.com
801,Barbara Johnson,63.0,F,San Antonio,63372.34,11-Dec-2019,
802,Thomas Brown,,F,Philadelphia,,25/02/2020,thomas.brown@example.com
803,Jennifer Smith,48.0,Male,Houston,38272.49,14-Oct-2022,jennifer.smith@example.com
804,Mary Williams,53.0,m,San Antonio,34452.1,06-May-2020,mary.williams@example.com
805,Robert Garcia,45.0,female,Philadelphia,167714.42,03-23-2021,robert.garcia@example.com
806,Richard Gonzalez,61.0,M,New York,75895.0,11-16-2020,richard.gonzalez@example.com
807,Barbara Miller,72.0,male,New York,69416.15,10-07-2020,barbara.miller@example.com
808,John Hernandez,25.0,Female,New York,31679.73,22/10/2019,john.hernandez@example.com
809,Robert Smith,75.0,female,New York,33353.18,2021-06-11,robert.smith@example.com
810,Linda Miller,42.0,m,Chicago,57884.62,10-21-2019,linda.miller@example.com
811,Jessica Rodriguez,,F,Houston,44334.2,24/07/2020,jessica.rodriguez@example.com
812,Mary Martinez,68.0,Male,Los Angeles,45962.34,20-Apr-2019,mary.martinez@example.com
813,Elizabeth Johnson,55.0,Male,Chicago,68264.16,20-Nov-2020,elizabeth.johnson@example.com
814,Joseph Rodriguez,31.0,M,Los Angeles,43707.44,18/12/2021,joseph.rodriguez@example.com
815,Robert Lopez,22.0,Male,Phoenix,,2020-01-11,robert.lopez@example.com
816,Michael Brown,40.0,F,Los Angeles,35122.49,23/06/2021,michael.brown@example.com
817,Thomas Jones,22.0,m,Los Angeles,54986.64,08-Nov-2018,thomas.jones@example.com
818,Richard Gonzalez,200.0,Male,Los Angeles,56455.29,07/09/2022,richard.gonzalez@example.com
819,Elizabeth Davis,38.0,m,Phoenix,50760.47,2019-05-21,elizabeth.davis@example.com
820,Robert Anderson,38.0,F,Phoenix,42457.41,18-Jan-2019,robert.anderson@example.com
821,Patricia Rodriguez,37.0,m,New York,70080.23,15/09/2020,
822,William Hernandez,25.0,M,Philadelphia,,04/02/2022,william.hernandez@example.com
823,Robert Garcia,34.0,Male,Philadelphia,41652.15,24-Feb-2020,robert.garcia@example.com
824,Michael Smith,44.0,M,New York,80715.7,01-20-2020,michael.smith@example.com
825,Linda Wilson,46.0,f,Houston,51065.1,24/04/2019,linda.wilson@example.com
826,Richard Miller,29.0,Female,Chicago,42164.89,09-11-2018,richard.miller@example.com
827,Elizabeth Gonzalez,,Female,Philadelphia,60860.9,02/06/2022,elizabeth.gonzalez@example.com
828,Barbara Johnson,39.0,Male,San Antonio,97916.01,16-Mar-2020,barbara.johnson@example.com
829,David Hernandez,19.0,Female,Chicago,57239.43,08-Mar-2018,david.hernandez@example.com
830,Michael Gonzalez,65.0,m,Phoenix,50148.83,2023-01-29,michael.gonzalez@example.com
831,William Anderson,46.0,female,San Antonio,56192.45,01/04/2018,william.anderson@example.com
832,Jessica Garcia,52.0,f,Los Angeles,69311.73,19/01/2022,jessica.garcia@example.com
833,Elizabeth Rodriguez,42.0,Female,New York,59564.61,2018-06-07,elizabeth.rodriguez@example.com
834,William Gonzalez,59.0,M,Phoenix,63535.8,07-13-2018,william.gonzalez@example.com
835,Linda Wilson,38.0,Female,Chicago,26338.77,08-May-2023,linda.wilson@example.com
836,Richard Wilson,68.0,female,Chicago,76758.77,09-16-2020,richard.wilson@example.com
837,Linda Wilson,69.0,male,San Antonio,50343.25,09-21-2019,linda.wilson@example.com
838,Michael Davis,42.0,Male,Phoenix,45774.12,2022-05-29,michael.davis@example.com
839,Mary Jones,63.0,Female,New York,60780.8,2022-03-27,mary.jones@example.com
840,Joseph Martinez,60.0,m,San Antonio,32540.9,2018-07-28,joseph.martinez@example.com
